Identifier (RIC),Company Name,TRBC Industry Group Name,TRBC Industry Name,TRBC Activity Name,Total Debt Percentage of Total Equity: 2025,Total Debt Percentage of Total Equity: 2024,Total Debt Percentage of Total Equity: 2023,Total Debt Percentage of Total Equity: 2022,Total Debt Percentage of Total Equity: 2021,Total Debt Percentage of Total Equity: 2020,Total Debt Percentage of Total Equity: 2019,Total Debt Percentage of Total Equity: 2018,Total Debt Percentage of Total Equity: 2017,Total Debt Percentage of Total Equity: 2016,Return on Assets - Actual: 2025,Return on Assets - Actual: 2024,Return on Assets - Actual: 2023,Return on Assets - Actual: 2022,Return on Assets - Actual: 2021,Return on Assets - Actual: 2020,Return on Assets - Actual: 2019,Return on Assets - Actual: 2018,Return on Assets - Actual: 2017,Return on Assets - Actual: 2016,Return on Equity - Actual: 2025,Return on Equity - Actual: 2024,Return on Equity - Actual: 2023,Return on Equity - Actual: 2022,Return on Equity - Actual: 2021,Return on Equity - Actual: 2020,Return on Equity - Actual: 2019,Return on Equity - Actual: 2018,Return on Equity - Actual: 2017,Return on Equity - Actual: 2016,Company Market Cap: 2025,Company Market Cap: 2024,Company Market Cap: 2023,Company Market Cap: 2022,Company Market Cap: 2021,Company Market Cap: 2020,Company Market Cap: 2019,Company Market Cap: 2018,Company Market Cap: 2017,Company Market Cap: 2016,Independent Board Members: 2025,Independent Board Members: 2024,Independent Board Members: 2023,Independent Board Members: 2022,Independent Board Members: 2021,Independent Board Members: 2020,Independent Board Members: 2019,Independent Board Members: 2018,Independent Board Members: 2017,Independent Board Members: 2016,ESG Score: 2025,ESG Score: 2024,ESG Score: 2023,ESG Score: 2022,ESG Score: 2021,ESG Score: 2020,ESG Score: 2019,ESG Score: 2018,ESG Score: 2017,ESG Score: 2016,ESG Score: 2015,ESG Score: 2014,ESG Controversies Score: 2025,ESG Controversies Score: 2024,ESG Controversies Score: 2023,ESG Controversies Score: 2022,ESG Controversies Score: 2021,ESG Controversies Score: 2020,ESG Controversies Score: 2019,ESG Controversies Score: 2018,ESG Controversies Score: 2017,ESG Controversies Score: 2016,ESG Controversies Score: 2015,ESG Controversies Score: 2014
1361.HK,361 Degrees International Ltd,Textiles & Apparel,Footwear,Sports & Outdoor Footwear,0.0269106,0.0303717,0.0310962,0.0244134,0.2562812,0.3803985,0.4795355,0.4421334,0.5174066,0.2803546,0.08679,0.0754,0.06309,0.05259,,0.03629,0.02628,0.04223,0.04643,0.06727,0.12449,0.11289,0.09919,0.08769,0.064,0.0715,0.05293,0.08296,0.07607,0.101,1370891021,1090157697,832588781.2,823798084.2,933213666.5,235851130.5,336210982.9,375220221.3,595659447.4,760901854.1,50.00%,42.86%,42.86%,42.86%,0.00%,0.00%,0.00%,0.00%,0.00%,0.00%,,52.50475348,44.7539247,39.65278851,39.15379522,,,,,,,,,100,100,100,100,,,,,,,
ADSGn.DE,Adidas AG,Textiles & Apparel,Footwear,Sports & Outdoor Footwear,0.9522754,1.1295431,1.2070641,0.6802348,0.880287,0.6758288,0.2774984,0.1866379,0.2517428,,0.04259,-0.003,0.01199,0.0691,0.0207,0.1089,0.113,0.0739,0.0713,,0.1639,-0.0121,0.04059,0.21359,0.0652,0.3,0.26538,0.1698,0.1676,,30429000000,42624000000,33148800000,22942800000,48639720000,59703981809,58080610703,36555912326,34970485490,31413810328,63.64%,81.25%,88.24%,94.12%,94.12%,100.00%,89.47%,88.89%,88.89%,100.00%,,83.11542954,90.036398,88.5970334,89.84805031,88.36010648,90.01631232,86.24511425,86.09091415,88.41809795,93.50407631,,,25,3.571428571,8.823529412,100,66.66666667,70,35.71428571,25,70,75,
AEF.MI,Aeffe SpA,Textiles & Apparel,Apparel & Accessories,Apparel & Accessories (NEC),1.7648835,3.3833636,2.3084547,1.6891171,1.0265096,0.8181398,0.3191329,0.4338362,0.4739387,0.630272,,,,,,,,,,,0.22199,-0.33869,-0.07879,0.0775,-0.10199,0.0733,0.1077,,0.0272,,36261238,93190653.47,98558778.67,132914780,296320511,118528204.4,214080833,251765071.9,241565634,119172379.4,50.00%,60.00%,50.00%,0.00%,0.00%,0.00%,0.00%,0.00%,0.00%,0.00%,,,38.68335559,39.80577645,38.94242071,,,,,,,,,,100,100,100,,,,,,,
AAHG.F,Ahlers AG,Textiles & Apparel,Apparel & Accessories,Apparel & Accessories (NEC),1.0847167,0.6050989,0.6922998,0.2714831,0.3507371,0.3551922,0.3250267,0.2829393,0.2893663,0.2796781,,,,,,,,,,,,,,,,0.01816,,,,,136815.2,82089.12,54726.08,10055917.2,17922791.2,20111834.4,34203800,40360484,79498645.59,93893104.65,0.00%,0.00%,0.00%,0.00%,0.00%,0.00%,0.00%,0.00%,0.00%,0.00%,,,,,,33.90636442,,,,,,,,,,,,16.66666667,,,,,,
AKSA.IS,Aksa Akrilik Kimya Sanayii AS,Textiles & Apparel,Textiles & Leather Goods,Textiles & Leather Goods (NEC),0.2696603,0.2150415,0.2496166,1.049613,1.0181855,1.0384108,1.313217,0.8361094,0.6676552,,,,,,,,,,,,,,0.147,,,0.25899,,0.16788,,0.1007,756293405.3,1374207675,1025085577,1488416731,733142483.8,520399897.1,380121735.4,227572818.4,523013822.2,458055111,33.33%,36.36%,33.33%,33.33%,41.67%,22.22%,30.77%,35.71%,0.00%,0.00%,,77.8893405,80.55481349,82.89063131,80.20047964,67.85090522,55.83997134,37.77336739,22.3600735,,,,,100,100,100,100,100,100,100,100,,,
ALOK.NS,Alok Industries Ltd,Textiles & Apparel,Textiles & Leather Goods,Textiles & Leather Goods (NEC),,,,,,,,,15.097901,4.8377561,,,,,,,,,,0.05486,,,,,,0.0757,,0.05841,,0.15311,754223111.5,1178324313,1154669102,872185231.7,1510318353,1296987726,52521136.85,67331123.84,70151484.96,66522845.81,42.86%,42.86%,37.50%,0.00%,0.00%,0.00%,0.00%,0.00%,0.00%,0.00%,,31.75330617,35.88547584,38.63109574,,,,,,,,,,88.63636364,100,100,,,,,,,,
ALPA4.SA,Alpargatas SA,Textiles & Apparel,Footwear,Footwear (NEC),0.399686,0.4481837,0.2477496,0.083104,0.1809159,0.2624487,0.2481677,0.3239916,0.2869051,,0.017,0.2519,0.05309,0.1074,0.03,0.0645,,,,,0.0277,0.329,0.09609,0.2174,0.0501,0.1091,0.21038,,0.0968,,1185412194,646133081.3,1307848114,1636253573,3162946008,3683382637,3961266753,1768418523,2050651130,1299941726,0.00%,0.00%,0.00%,0.00%,0.00%,0.00%,0.00%,0.00%,0.00%,0.00%,,,,68.33716812,63.45352458,24.66525551,16.37378219,,,,,,,,,100,100,100,100,,,,,
2020.HK,ANTA Sports Products Ltd,Textiles & Apparel,Apparel & Accessories,Sportswear & Outdoors Clothing,0.4213428,0.3833066,0.5152092,0.5785301,0.6560951,0.5254649,0.1079249,0.0102998,0.1594522,0.1666287,0.1142,0.12679,0.11512,0.1348,0.10182,0.16289,0.18886,0.185,0.179,0.171,0.2066,0.23839,0.23972,0.2917,0.2279,0.29809,0.27831,0.266,0.263,0.249,24646243546,27330249675,24899396659,33215043521,35658869439,35091186229,21581302201,11224587938,10154398189,7106350536,40.00%,40.00%,41.67%,36.36%,40.00%,40.00%,40.00%,33.33%,33.33%,33.33%,,74.02284471,72.22364761,67.99682093,67.33139763,59.60935056,56.36134823,59.76248599,48.09787045,52.13059915,51.14777482,,,100,100,100,100,100,100,100,100,100,100,
ECNL.MI,Aquafil SpA,Textiles & Apparel,Textiles & Leather Goods,Synthetic Fabrics,2.1737332,3.2375751,2.101065,2.185323,3.3687321,2.3944188,1.5723902,1.6899258,2.0438876,,,,-0.0362,,,0.0009,0.0153,,,,-0.1157,-0.17199,0.178,0.0765,0.0044,0.0629,0.2235,0.2088,,,102081132.2,104636254.6,147585542.6,262931832.4,328022448.8,207690453.9,269783476.2,384548510.5,533283130.8,,50.00%,50.00%,44.44%,40.00%,40.00%,33.33%,33.33%,0.00%,0.00%,0.00%,,61.88974608,51.28857019,50.65974734,48.08348666,45.81505577,46.06344121,43.6167441,,,,,,100,100,100,100,100,100,100,,,,
ARVN.NS,Arvind Ltd,Textiles & Apparel,Textiles & Leather Goods,Textiles & Leather Goods (NEC),0.3921388,0.3913212,0.4362657,0.6065601,0.7473919,0.929724,0.930742,0.8053165,0.7794623,1.3975531,,,,,,,,0.0351,0.0511,0.0448,0.09561,0.0963,0.1074,0.08669,0.02819,0.0534,0.0911,0.0904,0.1024,0.1361,787490039.6,1212874067,744997573.6,264215458.3,371696869.4,135704329.4,129248609.3,317039304.4,1522576646,1276598800,60.00%,55.56%,0.00%,0.00%,0.00%,0.00%,0.00%,0.00%,0.00%,0.00%,,,58.41905947,64.41988414,,,,,,,,,,,100,100,,,,,,,,
ASIA.KL,Asia Brands Bhd,Textiles & Apparel,Apparel & Accessories,Apparel Wholesale,0.1975705,0.2704769,0.1608097,0.1512351,0.2608582,0.3334274,0.343868,0.710752,0.9945408,0.8678138,,,0.0821,,,,,,,,0.1444,,0.11043,,,,,,,,25639460.47,26152964.36,25489973.47,27173239.68,24573821.78,30327061.47,25377307.17,18664173.43,13617871.45,15103281.2,33.33%,33.33%,42.86%,50.00%,0.00%,0.00%,0.00%,0.00%,0.00%,0.00%,15.95822492,13.9614806,11.88357908,20.14581352,,,,,,,,,100,100,100,100,,,,,,,,
7936.T,Asics Corp,Textiles & Apparel,Footwear,Sports & Outdoor Footwear,0.4991743,0.6388605,0.8093487,0.7538915,0.9702989,0.5291256,0.343987,0.306445,0.3375032,,0.188,0.114,0.08,0.0277,-0.021,0.033,-0.06676,0.063,0.068,0.064,0.291,0.188,0.126,0.06807,-0.116,0.045,-0.12331,0.065,0.078,,15013792128,14471799622,5388525845,3943158086,3716317672,2963749680,2828819471,2227061510,2657116388,3800189964,58.33%,66.67%,62.50%,62.50%,46.67%,25.00%,27.78%,28.57%,31.25%,25.00%,,66.12259519,70.00475591,69.11985766,71.23022305,69.07768415,59.39345324,63.94150794,69.04272331,71.04668721,68.40160611,,,100,100,100,100,100,40,100,100,100,100,
BATA.NS,Bata India Ltd,Textiles & Apparel,Footwear,Footwear (NEC),0.9184032,0.8889254,0.8666662,0.6029861,0.5871573,0.6595362,,,,,0.2314,,,,,,,,,0.085,0.1338,0.1771,0.19859,0.05769,-0.0464,0.181,,0.1576,0.14301,0.1306,1148507727,1995074666,2311893694,2394387349,2841658075,2276128265,2814613868,1827431866,1254380370,810423660.2,41.67%,36.36%,50.00%,42.86%,50.00%,54.55%,45.45%,0.00%,0.00%,0.00%,62.81375532,65.09331729,67.21438375,63.16165681,49.54349367,44.10374481,41.580215,,,,,,83.92857143,100,71.42857143,100,100,100,100,,,,,
BIRK.N,Birkenstock Holding PLC,Textiles & Apparel,Footwear,Footwear (NEC),0.4809239,0.5143087,0.8141581,0.8711805,0.9174794,0.5400623,,,,,0.0704,0.0495,0.0857,,,,,,,,0.12929,0.0956,0.08629,,,,,,,,6404250150,10279496657,8293573291,,,,,,,,0.00%,0.00%,0.00%,0.00%,0.00%,0.00%,0.00%,0.00%,0.00%,0.00%,,,21.01515118,,,,,,,,,,,,100,,,,,,,,,
BORG.ST,Bjorn Borg AB,Textiles & Apparel,Apparel & Accessories,Apparel & Accessories (NEC),0.1672246,0.1221406,0.2513816,0.400994,0.5363472,1.096714,0.5962904,0.4506161,0.4741978,,0.10839,,,,,,,,,,0.2067,0.21988,0.15152,0.27519,,0.1425,,,0.0848,,146261511,113201015.9,100956754.9,69540000.8,123883094.1,49361160,60670940.5,47558832.25,71824967.66,88512194.56,100.00%,100.00%,100.00%,100.00%,100.00%,0.00%,0.00%,0.00%,0.00%,0.00%,,67.40199303,60.01162205,64.22729667,63.49356427,56.55639665,,,,,,,,100,100,100,100,100,,,,,,
3998.HK,Bosideng International Holdings Ltd,Textiles & Apparel,Apparel & Accessories,Apparel & Accessories (NEC),0.1091276,0.2328924,0.2509701,0.2805939,0.2589974,0.3100033,0.1610187,0.2390355,0.3190603,0.4554182,0.13859,0.13461,0.1069,0.1025,0.0941,0.07413,0.06647,,,,0.24039,0.23925,0.1824,0.1773,0.1607,0.11964,0.10067,0.06558,,,5696663799,5595684523,4442069799,4836628027,6029730471,4502138643,3491418333,1760227327,775089039.6,877992089.8,37.50%,37.50%,37.50%,37.50%,37.50%,33.33%,40.00%,36.36%,36.36%,40.00%,62.86762458,62.38769091,58.99031036,58.80350754,53.87307079,44.29332038,41.58691655,43.01345156,40.65895436,21.82161027,,,100,100,100,100,100,66.66666667,100,100,100,100,,
BCU.MI,Brunello Cucinelli SpA,Textiles & Apparel,Apparel & Accessories,Luxury Clothing,1.9013113,1.481148,1.7549418,2.0789113,2.5978422,1.8683399,0.2778462,0.2975824,0.4370069,,0.0765,0.0848,0.06469,0.0474,-0.032,0.0704,0.1072,0.1162,0.0866,,0.25649,0.27809,0.2307,0.18539,-0.11929,0.1805,0.1865,0.2139,0.1779,,6707371603,7167200000,6024800000,4698800000,4127600000,2418115910,2146080000,2043400000,1836680000,1383120000,42.86%,50.00%,50.00%,50.00%,56.25%,36.36%,36.36%,0.00%,0.00%,0.00%,,40.70573905,49.55295925,49.67658668,47.64763909,52.42144612,55.56222823,50.24045581,,,,,,61.36363636,100,100,100,100,100,100,,,,
CALN.S,Calida Holding AG,Textiles & Apparel,Apparel & Accessories,Apparel & Accessories (NEC),0.3998934,0.47076,0.2233084,0.2529643,0.3449521,0.499337,0.1497289,0.0537741,0.0806443,,,,,,0.06089,-0.0041,0.048,0.0566,,0.0478,0.07209,,0.11669,0.11929,-0.0084,0.0951,0.09,0.08306,0.0936,,97444254.62,196271985.8,267226373.2,401445631.4,388021150.1,243179886.7,280011100.4,222644319.6,266678711.2,264143458.8,85.71%,72.73%,55.56%,0.00%,0.00%,0.00%,0.00%,0.00%,0.00%,0.00%,,54.70702705,40.33021412,46.26444834,38.34468686,13.45438867,,,,,,,,100,100,100,100,100,,,,,,
GOOS.TO,Canada Goose Holdings Inc,Textiles & Apparel,Apparel & Accessories,Apparel & Accessories (NEC),1.3345311,1.7199528,1.5790576,1.2225201,1.0779086,0.7420223,0.3638186,0.5626781,0.9994595,0.9775616,0.06519,0.0658,0.07549,0.0839,0.0657,0.1602,0.238,0.2025,0.1203,,0.2108,0.2278,0.2467,0.2323,0.1537,0.3202,0.4717,0.4829,0.3057,,1071989770,938933986.2,1091468345,1749271956,3488212753,2680779531,3540865087,4182704009,2820907397,,66.67%,70.00%,60.00%,66.67%,62.50%,62.50%,62.50%,0.00%,0.00%,0.00%,,44.91516353,47.40062922,47.44664378,35.66574352,25.85434672,17.82036503,13.83745712,,,,,,38.63636364,100,44.11764706,100,100,100,100,,,,
3818.HK,China Dongxiang (Group) Co Ltd,Textiles & Apparel,Apparel & Accessories,Apparel & Accessories (NEC),0.005128,0.0042868,0.0059552,0.0248971,0.0187447,0.0319719,,,0.0524234,0.0776045,,-0.06294,0.01092,-0.15109,,0.0314,,,,,,-0.06823,0.01209,-0.1673,0.12835,0.0351,,,,,283784340.1,256237794.7,194714195.4,218376909.8,451750341.6,503571878.7,579674568,786397493.8,877984264.8,950814986.1,57.14%,42.86%,42.86%,42.86%,42.86%,50.00%,57.14%,0.00%,57.14%,66.67%,56.79589694,50.752408,54.94971169,58.03074212,44.54869613,43.63684276,19.16411918,,37.9893233,38.51756153,,,100,100,100,100,100,100,100,,100,100,,
0116.HK,Chow Sang Sang Holdings International Ltd,Textiles & Apparel,Apparel & Accessories,Jewelry,0.4808737,0.4622167,0.4738815,0.3238054,0.3043717,0.4226586,0.2296657,0.2613436,0.250338,0.2388564,,,0.02459,0.0368,0.03739,0.06469,0.0736,0.06775,0.0613,0.07648,,,0.0367,0.0519,0.05458,0.0925,0.09855,0.09147,0.08194,0.10465,896799882.7,542898645.6,705928408.2,838102486.5,833196895.5,629646690.8,751704889.7,876404916.4,1363661760,1195749704,58.33%,54.55%,50.00%,0.00%,0.00%,0.00%,0.00%,0.00%,0.00%,0.00%,,42.8855299,42.28066894,42.56585158,,,,,,,,,,100,100,100,,,,,,,,
1929.HK,Chow Tai Fook Jewellery Group Ltd,Textiles & Apparel,Apparel & Accessories,Jewelry,0.7589091,1.1176007,0.6626598,0.7518398,0.4320664,0.9080131,0.5753654,0.3888368,0.3079366,0.4037298,0.0716,0.07379,0.0615,0.0883,0.09223,0.04551,0.0764,0.07656,0.05815,0.05037,0.2269,0.247,0.16309,0.2085,0.20522,0.083,0.14264,0.12557,0.09161,0.07914,13375762912,8358375450,13467610575,19048143927,15819842992,10297976085,8531254172,7270175062,8749458567,7274365819,43.75%,41.18%,41.18%,33.33%,33.33%,31.58%,0.00%,0.00%,0.00%,0.00%,,62.1656517,67.28710714,66.9047147,53.5857271,52.95993515,42.30527804,,,,,,,100,100,100,100,100,100,,,,,
002867.SZ,Chow Tai Seng Jewellery Co Ltd,Textiles & Apparel,Apparel & Accessories,Jewelry,0.0941906,0.1115529,0.1131479,0.0348576,0.0341274,0.0395183,0.1694057,0.0073627,0.1165754,0.2289563,0.12643,0.1685,0.14919,0.17914,0.16089,0.1679,0.15702,0.17583,,,0.15721,0.2109,0.1844,0.2133,0.2013,0.2291,0.2218,0.216,,,1609013214,2107161886,2123830525,2083046748,2699158220,2444006413,1783201874,1705623132,1698960998,,43.75%,36.36%,36.36%,41.67%,36.36%,0.00%,0.00%,0.00%,0.00%,0.00%,,38.951004,20.6973572,19.92401904,20.02544539,22.26198596,,,,,,,,100,100,100,100,100,,,,,,
DIOR.PA,Christian Dior SE,Textiles & Apparel,Apparel & Accessories,Apparel & Accessories (NEC),0.6093759,0.638565,0.6462975,0.7433951,1.044228,0.7167175,0.3265974,0.3806,,,,,,,0.0343,0.0343,0.03258,,,,,,,,0.2339,0.1906,0.18206,,,,1.07492E+11,1.09207E+11,1.27709E+11,1.22926E+11,1.3177E+11,82058716774,82455833309,60271459592,54973563998,36209114314,44.44%,44.44%,40.00%,44.44%,44.44%,44.44%,44.44%,36.36%,44.44%,50.00%,,77.32465552,73.36508201,69.38961837,71.53165374,63.51303951,71.67057252,71.01028198,58.06486988,56.56234152,51.56348634,,,20.45454545,100,100,100,100,100,100,100,100,100,
7762.T,Citizen Watch Co Ltd,Textiles & Apparel,Apparel & Accessories,Watches,0.2649812,0.2785339,0.3048351,0.2817244,0.3569603,0.2453085,0.1961674,0.1921066,0.2196658,0.2900758,0.055,0.077,0.05564,0.0582,-0.06846,0.019,0.065,0.066,0.055,0.03248,0.095,0.097,0.10198,0.1113,-0.12164,-0.07,0.052,0.078,0.071,0.05798,1712608047,1407753172,1328977819,1242507549,1201608774,728592603.9,1539659966,1377007290,1960153233,1822534950,33.33%,40.00%,30.00%,30.00%,33.33%,20.00%,22.22%,20.00%,33.33%,25.00%,,50.44391666,52.21666363,54.76737413,51.23406724,55.64861501,50.27722338,53.10467454,36.90275166,37.95772751,45.33508371,,,61.36363636,100,100,100,100,100,100,100,100,100,
COA.L,Coats Group PLC,Textiles & Apparel,Textiles & Leather Goods,Textiles & Leather Goods (NEC),1.7921289,1.0235833,1.0332001,0.6048622,0.9987457,1.116074,1.1990632,1.1598453,4.3769231,,0.0915,,,,,,0.0764,,,,0.3367,0.2089,0.1973,0.23539,0.1158,0.3402,0.3608,0.5844,0.3253,,1858547387,1822718439,1426427511,1195623352,1196259894,1094070943,1274849506,1294071752,1419188729,900167568.1,72.73%,70.00%,70.00%,60.00%,63.64%,70.00%,72.73%,70.00%,54.55%,50.00%,,79.06702585,78.30243816,73.38870424,81.06951222,84.0307347,82.78865813,80.74343035,79.68620415,59.97216499,46.61685427,,,100,100,100,100,100,100,100,100,100,100,
COLM.OQ,Columbia Sportswear Co,Textiles & Apparel,Apparel & Accessories,Apparel & Accessories (NEC),,,,,,,,,,0.0088858,0.07549,0.0839,0.10179,0.12,0.0375,0.1225,0.1231,0.0994,0.0994,,0.12009,0.1298,0.15869,0.1853,0.0587,0.1843,0.1712,0.132,0.1296,,2527673498,4636641361,4361011830,5083053180,5590022929,4737251654,6035169164,5059451171,4186991551,3870720273,88.89%,90.00%,88.89%,88.89%,75.00%,72.73%,72.73%,72.73%,72.73%,0.00%,,,57.43048255,55.6896879,55.79072932,61.71161044,56.38308888,59.78054756,57.22958616,51.64412271,46.26216472,,,,100,100,100,100,100,100,100,100,100,
CFR.S,Compagnie Financiere Richemont SA,Textiles & Apparel,Apparel & Accessories,Jewelry,0.5916268,0.7914708,0.8239655,0.755475,0.7577164,0.5645171,0.4143436,0.5594343,0.1378067,0.1646175,0.089,0.08779,0.0941,0.0566,0.04,0.03359,0.0547,0.0534,0.0601,0.1098,0.1748,0.21809,0.1964,0.1134,0.0754,0.05769,0.0929,0.081,0.0792,0.1511,99497361004,78823996080,67004223587,63264864042,69121144914,38591422790,36585880202,29221120801,39436777467,32904996738,61.11%,65.00%,75.00%,72.73%,66.67%,65.00%,65.00%,55.56%,50.00%,47.37%,68.06018871,63.59843699,69.04936105,76.77154422,69.68045005,68.2152093,67.82647149,65.19465531,59.0911135,61.03565558,,,33.92857143,100,71.42857143,100,100,100,100,100,100,100,,
CROX.OQ,Crocs Inc,Textiles & Apparel,Footwear,Footwear (NEC),0.7350414,1.1447126,2.8393459,54.7784406,0.6193378,1.5541488,0.7983607,0.0037524,0.0059557,,0.1666,0.163,0.22399,0.3978,0.23699,0.19149,-0.1367,0.0211,-0.0458,,0.47899,0.6564,1.62819,3.47759,1.0439,0.8193,-0.4118,0.0576,-0.1152,,3655277539,5977419026,5126456077,6255810984,6637397199,3463016449,2563749285,1513208582,734078077.4,479910200.4,88.89%,87.50%,87.50%,88.89%,90.00%,87.50%,77.78%,77.78%,87.50%,0.00%,,63.13675396,63.27886694,68.39818285,60.38023127,5.229710877,32.76024615,29.66547315,18.9447521,15.95163168,,,,15.90909091,39.28571429,100,100,100,100,100,100,100,,
CULP.OQ,Culp Inc,Textiles & Apparel,Textiles & Leather Goods,Textiles & Leather Goods (NEC),0.220576,0.0070275,0.0030871,0.0023012,,0.2958488,,,,,,,,-0.0164,0.03379,,,,,,,,,-0.026,0.0561,,,,,,38382048.08,71208164.06,65423255.06,52726666.67,102143568.2,159879892.4,150803505.1,204969384.1,347266709.3,435061506.7,80.00%,77.78%,75.00%,80.00%,71.43%,71.43%,71.43%,66.67%,66.67%,0.00%,34.91496825,30.46723075,27.21968325,26.78958648,24.15936076,23.44815136,22.05134112,19.13467655,19.08944564,,,,100,100,100,100,100,100,100,100,100,,,
0210.HK,Daphne International Holdings Ltd,Textiles & Apparel,Footwear,Footwear (NEC),0.0091572,0.0138107,0.0575573,0.0524204,0.0423323,0.0578763,0.1006086,0.0514794,0.0840005,0.1335288,,,,,-0.13864,-0.03297,0.02274,0.04384,0.14663,0.16156,,,,,-0.20912,-0.04995,0.03485,0.0667,0.22663,0.26062,87693072.82,62738995.68,42476304.07,29301793.78,35207358.36,42918656.64,27383109.56,45167385.04,85342865.07,157794986.4,42.86%,50.00%,50.00%,57.14%,42.86%,57.14%,50.00%,42.86%,42.86%,37.50%,,44.82186488,46.04947607,48.72821022,45.59604192,43.85853861,37.59391866,37.02727122,38.416676,18.50823319,14.85522969,,,100,100,100,100,100,100,100,100,100,100,
DECK.N,Deckers Outdoor Corp,Textiles & Apparel,Footwear,Footwear (NEC),0.00038,0.0004527,0.0005426,0.0003568,,0.0271033,0.0301436,0.0341015,0.0341953,0.1034718,0.28809,0.2669,0.2114,0.20089,0.1946,0.173,0.1965,0.1496,0.1001,0.1213,0.4182,0.3922,0.3128,0.303,0.2961,0.2527,0.2663,0.1938,0.1286,0.1559,12864568206,29801720717,15584790933,9871455991,8844559800,6594571580,4214129705,3248936657,2138129385,1690452833,81.82%,90.00%,90.00%,90.91%,83.33%,90.00%,91.67%,80.00%,80.00%,88.89%,61.37137644,62.54135546,64.9150697,67.84211478,65.98151349,60.99469696,57.49680642,53.15709067,53.65059174,51.53984501,,,53.57142857,100,100,100,100,100,100,100,100,100,,
DLAPQ.PK,Delta Apparel Inc,Textiles & Apparel,Apparel & Accessories,Apparel & Accessories (NEC),1.1019208,0.9351091,0.798062,0.9715389,0.8779502,0.7448008,0.6172484,0.7722527,0.7073544,0.9404227,,,,,0.0228,0.0347,0.0292,0.0268,,,,,,,0.05419,0.0796,0.0628,0.0605,0.03,,600.3560645,6.810705785,45231538.22,69410478.76,184065310.7,114616791.8,193891377.8,104894392.8,122499318.3,150137844.4,88.89%,87.50%,87.50%,87.50%,90.00%,88.89%,88.89%,0.00%,0.00%,0.00%,,,35.93728495,39.33854172,34.68711954,29.46616614,26.27992715,17.47593556,23.45552026,,,,,,100,100,100,100,100,100,100,,,
DESA.IS,Desa Deri Sanayi ve Ticaret AS,Textiles & Apparel,Apparel & Accessories,Apparel & Accessories (NEC),0.1079523,0.1233448,0.26999,1.01506,1.6438125,1.1282277,0.8592593,1.2291098,1.6559477,,,,,,,,,,,,,,,,,,,,,,108890375.4,143052154.5,130294267.5,146925221.8,27313419.42,52818988.65,33515465.21,14041545.99,10937515.35,11815505.91,40.00%,40.00%,40.00%,57.14%,0.00%,0.00%,0.00%,0.00%,0.00%,0.00%,,13.31166738,19.5516956,21.09885601,20.92587658,,,,,,,,,100,100,100,100,,,,,,,
DLLA.NS,Dollar Industries Ltd,Textiles & Apparel,Apparel & Accessories,Apparel & Accessories (NEC),0.399691,0.4097804,0.2473017,0.3188012,0.2413669,0.4674199,0.537268,0.5225046,1.1956461,1.6017769,,0.0745,0.05599,0.15099,,,0.0994,0.1056,,,0.11221,0.12119,0.0762,0.24359,0.171,,0.1917,0.2387,,,188830656.9,313853782,285532691.3,269888563.3,280618318.9,152092343.9,99202888.06,215125802.1,325740336.2,,50.00%,50.00%,54.55%,50.00%,0.00%,0.00%,0.00%,0.00%,0.00%,0.00%,44.43903568,44.48910238,40.18952409,39.31607313,,,,,,,,,100,100,100,100,,,,,,,,
DOCS.L,Dr Martens PLC,Textiles & Apparel,Footwear,Footwear (NEC),1.0963428,1.2726779,1.1177635,1.1998781,2.4313205,7.0297872,,,,,0.0254,0.07116,0.1392,0.23969,0.1775,,,,,,0.0637,0.17918,0.352,0.7567,1.0506,,,,,,849959796.1,840317521.7,982290902.9,2155722882,5094179407,,,,,,41.67%,55.56%,50.00%,50.00%,50.00%,0.00%,0.00%,0.00%,0.00%,0.00%,37.04152719,44.33113982,38.28073402,40.04860587,33.72219845,,,,,,,,100,100,100,100,100,,,,,,,
DLTH.OQ,Duluth Holdings Inc,Textiles & Apparel,Apparel & Accessories,Apparel & Accessories (NEC),0.3248905,0.2885688,0.2946694,0.3155066,0.6407086,0.6058908,0.4269502,0.2015515,0.0362604,0.0555113,,,,,,,,,0.1134,0.1802,,,,0.01,0.14169,0.073,0.11179,0.1572,0.1739,0.2132,65041145.84,104990824.3,168066187.2,193002484.9,441412740.5,283849915.9,305518339.9,716687759,483022251.8,782213805.3,77.78%,75.00%,83.33%,75.00%,80.00%,77.78%,77.78%,77.78%,0.00%,0.00%,,,46.38698061,36.82680168,10.65357175,9.274787354,18.28207302,16.69855492,20.04636917,14.57791295,,,,,100,100,100,100,100,100,100,100,,
1476.TW,Eclat Textile Co Ltd,Textiles & Apparel,Apparel & Accessories,Apparel & Accessories (NEC),0.064841,0.0489389,0.10481,0.1211048,0.1044937,0.0915806,0.0962717,0.0982704,0.1064702,,0.1962,0.1588,0.21679,0.1848,0.17098,0.1891,0.19781,0.1527,0.19471,,0.24329,0.2037,0.29339,0.25539,0.22818,0.2453,0.25868,0.20274,0.27238,,2866654572,4114402836,4553813177,4154451236,5515390175,3380779394,3297837634,2731478173,2293937101,2662012191,31.58%,33.33%,30.77%,33.33%,27.27%,27.27%,27.27%,27.27%,27.27%,25.00%,,71.41888026,69.10135085,70.84857457,76.81977044,77.53599689,71.77286179,48.20544775,21.9871938,24.53812652,22.46426247,,,100,100,100,100,100,100,100,100,100,100,
ZGN.N,Ermenegildo Zegna NV,Textiles & Apparel,Apparel & Accessories,Apparel & Accessories (NEC),1.0532767,1.1059512,1.248854,1.656035,1.6692531,1.5522107,,,,,0.0275,0.0467,0.0242,0.0865,,,,,,,0.08779,0.16,0.0924,0.04397,,,,,,,2217477934,2014557092,2619191555,2375380055,2234126642,,,,,,90.91%,90.91%,90.91%,0.00%,0.00%,0.00%,0.00%,0.00%,0.00%,0.00%,,36.28734056,33.83285227,31.01195615,,,,,,,,,,100,100,100,,,,,,,,
ESCM.KL,ES Ceramics Technology Bhd,Textiles & Apparel,Apparel & Accessories,Accessories,0.1761708,0.1733457,0.1796704,0.0040641,0.0066684,0.0105454,0.0061312,0.0025773,0.0014366,0.0021817,,,,,,,,,,,,,,,,,,,,,15628217.89,24458438.14,28496454.01,24724343.79,42687602.54,45967067.83,9191249.321,6725150.635,12709157.27,20052077.54,60.00%,60.00%,75.00%,57.14%,0.00%,0.00%,0.00%,0.00%,0.00%,0.00%,21.94445541,22.87326313,34.64580766,27.9085315,,,,,,,,,100,100,100,100,,,,,,,,
0330.HK,Esprit Holdings Ltd,Textiles & Apparel,Apparel & Accessories,Apparel & Accessories (NEC),0.7062147,0.9944049,0.4845336,0.5143639,1.2602888,,,,,,,,,,,,,,,,,,,,,,,,,,35625608.64,46464952.85,133040602.7,284512095.4,226790235.3,225240402.8,339294523.1,327775791.1,848352024.1,1452422584,55.56%,55.56%,42.86%,40.00%,55.56%,54.55%,60.00%,66.67%,66.67%,66.67%,,,62.40559736,63.00744796,59.38256669,56.30867464,65.6990477,58.82422077,55.8951691,67.6518454,62.78961921,66.36012497,,,100,100,100,66.66666667,100,100,100,100,100,100
383220.KS,F&F Co Ltd,Textiles & Apparel,Apparel & Accessories,Apparel & Accessories (NEC),0.2289126,0.1968194,0.2764262,0.5005913,,,,,,,0.168,0.23879,0.32596,,,,,,,,0.55719,0.386,0.60402,,,,,,,,1553213809,1360369217,2396608847,4117999169,5376094060,,,,,,50.00%,33.33%,50.00%,40.00%,0.00%,0.00%,0.00%,0.00%,0.00%,0.00%,,55.83762253,51.73959127,52.36694401,33.35754673,,,,,,,,,100,100,100,100,,,,,,,
9910.TW,Feng Tay Enterprises Co Ltd,Textiles & Apparel,Footwear,Sports & Outdoor Footwear,0.2427268,0.2517258,0.1319136,0.4911527,0.2596928,0.2901619,0.1132989,0.233937,0.1815185,,0.11179,0.09759,0.18489,0.10009,0.1315,0.1651,0.15392,0.14194,0.14946,,0.2348,0.2066,0.4214,0.2562,0.32941,0.28929,0.32894,0.32635,0.33059,,3126096992,3869351400,5103574346,5563774801,6502455035,5129942530,4273237877,3353522003,2543544731,2360092528,31.25%,30.77%,30.77%,30.77%,30.77%,30.77%,31.25%,15.38%,15.38%,15.38%,,64.73099576,59.20420312,66.42814098,45.3061649,42.17502311,40.00684887,38.35220498,34.44543111,42.86295323,49.45781297,,,100,100,100,100,100,100,100,100,100,100,
FIGS.N,Figs Inc,Textiles & Apparel,Apparel & Accessories,Apparel & Accessories (NEC),0.0129928,0.0130025,0.0142978,0.0101803,,,,,,,0.0055,0.05379,0.0825,,,,,,,,0.0289,0.0682,0.10539,0.228,,,,,,,1604076000,970301110.5,1065144513,1043659286,3962769036,,,,,,66.67%,66.67%,62.50%,33.33%,0.00%,0.00%,0.00%,0.00%,0.00%,0.00%,,20.28803291,23.93757892,22.18229609,23.32429466,,,,,,,,,100,100,2.941176471,100,,,,,,,
FLTX.NS,Filatex India Ltd,Textiles & Apparel,Textiles & Leather Goods,Textiles & Leather Goods (NEC),0.1106187,0.1933801,0.2761646,0.3301437,0.771479,1.2117658,1.2794781,1.8444418,1.6424943,1.9692644,,,,,,,,,,,,,,,,,,,,,205598319.9,307782033.4,237620832.4,230202821.1,258117186,118455731.5,107393315.5,169985855.5,124727084.2,40984708.99,50.00%,55.56%,50.00%,0.00%,0.00%,0.00%,0.00%,0.00%,0.00%,0.00%,,31.43158395,29.96208666,33.32921974,,,,,,,,,,100,100,100,,,,,,,,
1434.TW,Formosa Taffeta Co Ltd,Textiles & Apparel,Textiles & Leather Goods,Textiles & Leather Goods (NEC),0.3071526,0.2496296,0.2659059,0.2245764,0.2196724,0.1731903,0.1578091,0.2094429,0.2222941,,,,0.00605,,,,0.06425,0.05093,0.0458,0.04046,,,0.00807,,,,0.07921,0.06874,0.0629,0.05829,727876257.9,910765364.1,1253778574,1377130835,1564468563,1525573456,1718429539,1665129220,1481904691,1457269415,27.27%,27.27%,27.27%,23.08%,38.46%,25.00%,27.27%,25.00%,25.00%,25.00%,,68.25230386,69.30940082,72.48124122,60.15311135,68.07411331,70.36262149,62.73355917,59.67142703,59.94317499,46.92988678,,,100,100,100,66.66666667,100,100,100,100,100,100,
FOSL.OQ,Fossil Group Inc,Textiles & Apparel,Apparel & Accessories,Watches,1.2056698,0.8241227,0.5371443,0.3049437,0.5168101,0.406922,0.6731127,0.7678601,0.6266547,,,,,,,,,0.0239,0.0016,0.0348,,,,,,,,0.0666,0.0038,0.081,174925114,85804699.34,69425148.4,208759093.1,472007649.7,365413343.9,355102180.4,678297482.3,314322460,1183976853,77.78%,80.00%,87.50%,83.33%,83.33%,72.73%,83.33%,75.00%,75.00%,72.73%,,,56.21428242,52.73173152,48.06678988,33.31071842,32.69486783,27.92210697,28.8618856,34.94790789,23.07828823,25.66826996,,,100,100,100,100,100,100,100,100,100,100
GIII.OQ,G-III Apparel Group Ltd,Textiles & Apparel,Apparel & Accessories,Apparel & Accessories (NEC),0.0036672,0.2695245,0.4470453,0.3418494,0.3834278,0.3079535,0.3251481,0.3489318,0.4521541,,0.079,0.0704,0.05089,0.0776,0.0107,0.0569,0.0697,0.0422,0.0444,,0.12609,0.12929,0.0955,0.1405,0.0204,0.1208,0.1243,0.0742,0.0706,,1040278665,1382767355,1407968312,608363710.3,1180884255,940011265.3,1429214672,1200221702,1509331228,1367623800,78.57%,80.00%,71.43%,66.67%,66.67%,66.67%,63.64%,63.64%,63.64%,63.64%,35.051478,28.91902131,28.76743008,26.48908077,26.0411068,23.66911468,19.79249011,22.84063778,29.52610869,28.58305632,,,100,100,100,100,100,100,100,100,100,100,,
GABR.CO,Gabriel Holding A/S,Textiles & Apparel,Textiles & Leather Goods,Natural Fabrics,1.3478856,1.5003459,1.2247681,1.0759027,0.9037514,0.9561376,0.6322195,0.3363249,0.3247055,0.0603686,0.03258,,,,,,,,,,,-0.062,,,,,,,,,60878779.18,45620651.45,66939478.37,129654103.4,162687368.4,157561178.4,201405349,152985380.7,129767766.8,118217281.9,42.86%,62.50%,50.00%,33.33%,33.33%,33.33%,0.00%,0.00%,0.00%,0.00%,,36.83102517,38.79850445,40.96648981,36.56909108,26.15876061,18.40264138,,,,,,,100,100,100,100,100,100,,,,,
GRWL.NS,Garware Technical Fibres Ltd,Textiles & Apparel,Textiles & Leather Goods,Synthetic Fabrics,0.0522416,0.0997691,0.1313989,0.0819844,0.1255246,0.179315,0.1660191,0.2578082,0.1928756,0.1295627,,,,,,,,,,,0.1871,0.185,0.17329,0.185,0.2,0.2023,,,,,656147110.1,1066374157,747134267.9,717253683.7,774755646.7,532442363.7,315014660.1,317452922.2,274559622.5,187480956.8,71.43%,62.50%,57.14%,42.86%,0.00%,0.00%,0.00%,0.00%,0.00%,0.00%,20.02977808,19.29472666,19.45439516,18.72723212,,,,,,,,,100,100,100,100,,,,,,,,
GEO.MI,Geox SpA,Textiles & Apparel,Footwear,Footwear (NEC),4.8984668,4.2989182,2.9505776,2.7617152,2.6566671,1.1420393,0.1435233,0.1739455,0.2542916,,,,,,,,,,,0.00285,-0.2183,-0.0654,-0.11189,-0.426,-0.49789,-0.077,-0.0153,0.0434,0.0052,,115095278.2,141527202.7,188962144.3,208143486.8,277351844.2,205810620.8,306383065.2,304050199.3,749627601.3,572848201.5,33.33%,54.55%,44.44%,40.00%,40.00%,46.15%,0.00%,0.00%,0.00%,0.00%,,,74.28784627,82.94715317,77.13642458,65.03664399,53.50743491,54.79648112,,,,,,,100,100,100,100,100,100,,,,
GIL.TO,Gildan Activewear Inc,Textiles & Apparel,Apparel & Accessories,Apparel & Accessories (NEC),1.1349939,0.5533,0.5440499,0.3694384,0.6943781,0.5050439,0.345545,0.3071111,0.283066,,0.1354,0.1301,0.1748,0.1748,-0.0116,0.1093,0.1314,0.1296,0.1223,,0.2869,0.2358,0.302,0.3094,-0.0214,0.1801,0.1972,0.1855,0.1654,,9853769482,7016986471,5162303811,4591747956,7241124467,4539584844,5371729164,5514599811,5905886538,5692342492,84.00%,84.62%,90.91%,90.91%,90.91%,91.67%,91.67%,80.00%,84.62%,86.67%,,67.34304747,74.11490246,80.73775244,84.83708775,81.72387205,85.9171278,82.63961227,79.25064425,74.81854352,62.76259809,,,88.63636364,100,100,100,100,100,100,100,100,100,
8111.T,Goldwin Inc,Textiles & Apparel,Apparel & Accessories,Sportswear & Outdoors Clothing,0.024127,0.0290905,0.050727,0.0901421,0.217609,0.1253735,0.2227777,0.3151164,0.2916849,0.2666644,0.211,0.251,0.258,0.213,0.12359,0.205,,,,,0.232,0.27,0.293,0.247,0.216,0.25,0.247,0.154,,,1948947493,2571353902,3089085067,3229385339,2425541645,2547330515,3135107027,2220041922,787031895.1,506087432.8,40.00%,45.45%,40.00%,0.00%,0.00%,0.00%,0.00%,0.00%,0.00%,0.00%,,44.41956519,37.54102976,39.81868295,,,,,,,,,,100,100,100,,,,,,,,
GRND3.SA,Grendene SA,Textiles & Apparel,Footwear,Footwear (NEC),0.021981,0.0318155,0.0344962,0.0494989,0.0238234,0.043718,0.0441342,0.038422,0.0429052,,,,,,,,,,,,,,,0.1343,0.14439,,,,,0.20145,645069931.3,684767624.3,1188658096,965331680.4,1237103134,1183921363,2461802518,1667039817,2163216713,1549157083,28.57%,28.57%,28.57%,28.57%,28.57%,28.57%,0.00%,0.00%,0.00%,0.00%,,35.96825102,37.47642548,39.49753101,33.10268324,23.48094569,25.5407205,,,,,,,100,100,100,100,100,100,,,,,
3002.T,Gunze Ltd,Textiles & Apparel,Apparel & Accessories,Apparel & Accessories (NEC),0.0757468,0.0767347,0.1334257,0.0988152,0.155976,0.2332255,0.2400962,0.25303,0.2627154,0.2944795,0.051,0.041,0.037,0.034,0.01345,0.041,0.042,0.02035,0.028,0.005,0.053,0.044,0.039,0.026,0.01947,0.04,0.037,0.03211,0.029,-0.011,808604810.5,578522792.7,555443557.8,550182342.3,598284519.6,511057019.5,774019671.1,635754537.5,1001842650,664666192.9,27.27%,33.33%,33.33%,33.33%,33.33%,25.00%,25.00%,15.38%,14.29%,20.00%,52.05718786,55.4642995,47.66030499,52.84779824,41.28099216,41.81183379,32.82252708,34.25858646,37.96304032,24.46568608,,,100,100,100,100,100,100,100,100,100,100,,
HAPD.IC,Hampidjan hf,Textiles & Apparel,Textiles & Leather Goods,Textiles & Leather Goods (NEC),0.6538118,0.6216543,0.7412563,0.6645806,0.7029356,0.685315,0.6719973,0.6266356,0.869509,,,,,,,,,,,,,,,,,,,,,,441287507.3,453541036.8,593885985.4,389966753.9,393540872.8,269402839.1,176880673.4,146665964.2,157178447.1,142987001.5,0.00%,0.00%,0.00%,0.00%,0.00%,0.00%,0.00%,0.00%,0.00%,0.00%,,27.42822456,23.61447093,,,,,,,,,,,100,100,,,,,,,,,
020000.KS,Handsome Corp,Textiles & Apparel,Apparel & Accessories,Apparel & Accessories (NEC),0.0619919,0.037962,0.0466096,0.016587,0.0417753,0.0230228,0.0654321,0.1621293,0.0436546,,0.02573,0.0492,0.07589,0.07648,0.0616,0.06568,0.06016,0.04703,0.0566,,0.03185,0.06137,0.09559,0.09709,0.07851,0.08374,0.07746,0.05965,0.06599,,212500966.1,225101642.6,330297747.1,495645419.4,651089171,557166167.5,599848762,699542041.2,606687000.8,678835658.7,44.44%,42.86%,50.00%,42.86%,40.00%,38.46%,0.00%,0.00%,0.00%,0.00%,,42.49234614,46.69875219,37.35495092,28.50304989,27.31892535,24.67805109,,,,,,,100,100,100,100,100,100,,,,,
3389.HK,Hengdeli Holdings Ltd,Textiles & Apparel,Apparel & Accessories,Watches,0.0252645,0.0381306,0.0307671,0.029865,0.0184847,0.1030383,0.0323206,0.0246115,0.688694,0.5420618,,,,,-0.02594,0.01157,0.03927,0.03163,0.07865,0.08751,,,,,-0.05504,0.02432,0.08707,0.07243,0.183,0.19626,66974663.57,71192173.83,75635943.38,131207338.9,143582563.1,157591082.1,176199610.6,181691298.1,187440889.6,656703282.9,37.50%,50.00%,42.86%,42.86%,42.86%,42.86%,37.50%,37.50%,37.50%,42.86%,,23.0907,30.63860151,28.29719246,34.09223132,30.80009791,31.17201851,33.70301816,29.51416694,23.04946485,32.40063088,,,100,100,100,100,100,100,100,100,100,100,
HRMS.PA,Hermes International SCA,Textiles & Apparel,Apparel & Accessories,Handbags & Luggage,0.1254183,0.1354996,0.1552541,0.1914577,0.2281153,0.1736188,0.2129797,0.0106235,0.0093505,,0.21149,0.2275,0.2151,0.1964,0.1324,0.1762,0.1973,0.1914,0.19672,,0.283,0.3119,0.3083,0.2914,0.1986,0.2532,0.2665,0.2593,0.27086,,2.24018E+11,2.45132E+11,2.02567E+11,1.52548E+11,1.62155E+11,92858854795,70330342274,51180050938,47110350105,41172070680,28.57%,28.57%,25.00%,28.57%,28.57%,35.29%,30.77%,30.77%,41.67%,40.00%,,55.29918639,58.28346992,59.55130193,63.49937789,64.98776199,61.02080556,56.35107149,54.90646378,42.70344422,43.5979358,,,29.54545455,71.42857143,76.47058824,100,100,100,100,100,100,100,
HHRG.KL,HHRG Bhd,Textiles & Apparel,Textiles & Leather Goods,Textiles & Leather Goods (NEC),,0.1685735,0.1967472,0.2131817,0.7811992,,,0.5901095,0.7274221,0.7003723,,,,,,,,,,,,,,,,,,,,,12757193.38,24804396.54,57258453.34,79686244.17,22831016.1,6309645.575,2592831.964,10036539.45,18135658.18,18006412.7,33.33%,28.57%,57.14%,0.00%,0.00%,0.00%,0.00%,0.00%,0.00%,0.00%,,10.47522646,8.148991744,12.77157784,,,,,,,,,,100,100,100,,,,,,,,
600398.SS,HLA Group Corp Ltd,Textiles & Apparel,Apparel & Accessories,Men's Clothing,0.1756946,0.3398635,0.4126273,0.3746262,0.3337657,0.3476556,0.4584241,0.323517,0.3906914,0.5143291,0.06519,0.08883,0.0671,0.08419,0.06308,0.10975,0.12634,0.13457,0.1306,0.14072,0.13137,0.19262,0.1457,0.1737,0.13072,0.2444,0.287,0.3251,0.3464,0.4002,3536226957,4766548671,4091960970,3101559694,3834417135,3479966743,4349679313,4845399986,5583590820,6641392385,27.27%,30.77%,27.27%,33.33%,42.86%,33.33%,33.33%,33.33%,0.00%,0.00%,,25.52242885,29.63842591,32.66832845,32.28067788,18.34712347,19.33241337,18.14120495,15.10202492,,,,,100,100,100,100,100,100,100,100,,,
NBHG.MU,Hoftex Group AG,Textiles & Apparel,Textiles & Leather Goods,Textiles & Leather Goods (NEC),0.2886024,0.2614282,0.3006304,0.2029786,0.3395932,0.3835507,0.4886854,0.5329789,0.5338707,0.1552089,,,,0.00715,0.0033,0.00635,,,,,,,,0.0168,0.00746,0.01661,,,,,23085952,29946400,41380480,52270080,70237920,52814560,62070720,68604480,71299656,65936528,0.00%,0.00%,0.00%,0.00%,0.00%,0.00%,0.00%,0.00%,0.00%,0.00%,,12.50701942,13.82816554,13.5539568,11.90968288,3.579832927,,,,,,,,100,100,100,100,100,,,,,,
300979.SZ,Huali Industrial Group Co Ltd,Textiles & Apparel,Footwear,Footwear (NEC),0.0306354,0.0610052,0.0658832,0.1893064,0.2642872,0.6653536,2.7459714,0.3258605,,,0.18199,0.175,0.19359,0.21359,,,,,,,0.236,0.22609,0.2671,0.2997,,,,,,,7131058797,12145643671,7842481233,9029070134,14391375252,,,,,,38.46%,38.46%,35.71%,38.46%,0.00%,0.00%,0.00%,0.00%,0.00%,0.00%,,59.41757333,59.73172945,51.92424978,42.15710187,,,,,,,,,100,100,100,100,,,,,,,
BOSSn.DE,Hugo Boss AG,Textiles & Apparel,Apparel & Accessories,Apparel & Accessories (NEC),0.8607693,0.857599,0.8053844,0.9711204,1.4862508,1.1714281,0.1767971,0.1405677,0.231323,,0.05889,0.0782,0.07129,0.0518,-0.0806,0.0866,0.132,0.1313,0.10759,,0.15699,0.2141,0.2047,0.1636,-0.2502,0.2069,0.2491,0.2564,0.21013,,2544960000,3152512000,4749184000,3812864000,3766400000,1921216000,3045504000,3795968000,4994176000,4092352000,85.71%,75.00%,76.92%,76.47%,83.33%,83.33%,83.33%,78.57%,68.42%,50.00%,,,86.5343662,87.85387282,86.73961937,87.28147315,85.61184457,84.98521018,87.73089636,74.74993536,74.31261603,72.37552769,,,100,76.47058824,66.66666667,100,100,100,100,20,100,100
ICNT.NS,Indo Count Industries Ltd,Textiles & Apparel,Textiles & Leather Goods,Textiles & Leather Goods (NEC),0.6360812,0.4575875,0.48883,0.829309,0.4476357,0.3624762,0.3435543,0.3984165,0.3638634,0.6406771,0.0629,,0.0875,0.1289,0.1274,0.1037,0.0362,0.0782,0.1593,,0.11074,,0.16379,0.24969,0.224,0.1757,0.0624,0.1393,0.3145,0.4905,529999047.9,730061415.1,664114414.2,301027464.4,582958202,322326918.3,115255959.7,139306661.2,319544263,452251448.5,66.67%,66.67%,60.00%,60.00%,0.00%,0.00%,0.00%,0.00%,0.00%,0.00%,69.43987147,48.81900196,58.51619857,61.77665972,,,,,,,,,100,100,100,100,,,,,,,,
601718.SS,Jihua Group Corp Ltd,Textiles & Apparel,Apparel & Accessories,Apparel & Accessories (NEC),0.2285035,0.1920357,0.211391,0.3169407,0.3853321,0.3544292,0.3982599,0.3059326,0.4085681,0.4290389,,0.0067,0.00792,,,,,,,,,0.0107,0.01306,,,,-0.0037,,0.0916,,1777995900,1650421897,1592248233,1731325332,1812339124,1669804514,1834491939,1871075249,3786775685,4866692937,38.46%,33.33%,37.50%,37.50%,33.33%,33.33%,33.33%,23.08%,0.00%,0.00%,,49.35279545,35.74818011,45.94878707,32.98712517,24.57520154,25.12690662,23.65399545,21.65363828,,,,,100,100,100,100,100,100,100,100,,,
JINW.NS,Jindal Worldwide Ltd,Textiles & Apparel,Textiles & Leather Goods,Textiles & Leather Goods (NEC),1.0071839,1.2280852,1.2883071,1.1174614,1.0551937,1.1096147,1.8428328,1.7330145,1.3721302,1.7202999,,,,,,,,,,,,,,,,,,,,,277229784.7,896829879.7,662664222.7,968577360.5,551906449.7,124202549.1,158694677.4,173555871.8,302964996.6,48845588.35,62.50%,72.73%,70.00%,55.56%,0.00%,0.00%,0.00%,0.00%,0.00%,0.00%,22.77267016,34.68841794,29.26529875,13.82972254,,,,,,,,,100,100,100,100,,,,,,,,
JSG.L,Johnson Service Group PLC,Textiles & Apparel,Textiles & Leather Goods,Textiles & Leather Goods (NEC),0.4154448,0.4116804,0.1900914,0.239721,0.162818,0.6554217,0.5540966,0.5763723,0.692726,,0.0786,,,,-0.035,,,,,,0.14369,0.1171,0.12779,0.0375,-0.0516,0.19649,0.1927,0.2059,0.2245,,585838453.6,679959116.2,676834293.3,480876438.9,782130143.6,696238659.2,857204624.4,478363406.5,594456360.6,491606795.8,71.43%,71.43%,66.67%,66.67%,60.00%,0.00%,0.00%,0.00%,0.00%,0.00%,,46.72272951,47.50087325,51.00925602,37.48362889,34.51525819,,,,,,,,100,100,100,100,100,,,,,,
KKCL.NS,Kewal Kiran Clothing Ltd,Textiles & Apparel,Apparel & Accessories,Apparel & Accessories (NEC),0.165351,0.0291598,0.1206255,0.1712755,0.1151881,0.2056692,0.2173491,0.1209861,0.1082692,0.0880779,,,,,,,,,,,0.17899,,0.0469,,,0.1668,0.1936,0.1893,0.2597,0.21963,285761595.6,406141133.3,514169594,358407433,170684227.5,115486245.7,153994757.8,201225506.8,305668909.7,307132495.6,55.56%,63.64%,50.00%,50.00%,0.00%,0.00%,0.00%,0.00%,0.00%,0.00%,40.54155147,41.79195055,45.06496668,42.79067278,,,,,,,,,100,100,100,100,,,,,,,,
KTB.N,Kontoor Brands Inc,Textiles & Apparel,Apparel & Accessories,Apparel & Accessories (NEC),1.8505331,2.1078075,3.1899369,5.3434365,10.799388,13.2021168,0.1580125,0.2017876,,,0.167,0.1503,0.1642,0.16429,0.0986,0.11019,,,,,0.7135,0.7789,1.28229,2.1728,1.9625,0.2444,,,,,2891638279,4549034634,3177585049,2072565452,2584019275,1899820542,2133007116,,,,88.89%,87.50%,87.50%,87.50%,85.71%,85.71%,0.00%,0.00%,0.00%,0.00%,,52.28555173,55.49171145,66.34207381,56.8541734,66.9268212,51.78780864,,,,,,,100,100,100,100,100,100,,,,,
KORDS.IS,Kordsa Teknik Tekstil AS,Textiles & Apparel,Textiles & Leather Goods,Synthetic Fabrics,1.083666,0.7855384,0.8422418,0.6839009,0.9088311,1.104467,0.6495666,0.3836862,0.3635357,,,,,0.11284,0.0711,0.0207,,,,0.06065,,,,0.189,0.1964,0.0634,,0.2031,,0.1349,186876949.5,380736590.7,463446223.5,940532984,404792888.3,333262962.3,381612573.6,313713502.1,328260176.3,338938080.6,28.57%,25.00%,33.33%,33.33%,28.57%,25.00%,45.45%,0.00%,0.00%,0.00%,,81.70544126,79.18367351,85.93673165,83.27966753,78.08405221,66.148464,74.88140929,,,,,,100,100,100,100,100,100,100,,,,
KPRM.NS,KPR Mill Ltd,Textiles & Apparel,Textiles & Leather Goods,Textiles & Leather Goods (NEC),0.0931547,0.2658006,0.3636911,0.3719064,0.2797244,0.4221302,0.4783512,0.4125785,0.6057887,0.8020443,0.13789,,,,,,,0.1175,0.1202,,0.1742,0.19969,0.2362,0.3041,0.2444,0.2061,0.1993,0.2034,0.2404,0.2061,3052468265,3836678886,3070844912,1995300846,2720153256,674954439.3,566466783.1,509612010.9,774321983.7,601404414.4,53.85%,50.00%,50.00%,50.00%,0.00%,0.00%,0.00%,0.00%,0.00%,0.00%,41.31266117,47.39249167,45.63144948,47.55744593,,,,,,,,,100,100,100,100,,,,,,,,
LAKE.OQ,Lakeland Industries Inc,Textiles & Apparel,Apparel & Accessories,Apparel & Accessories (NEC),0.1184306,0.0083354,0.0033753,,,0.0135799,0.015848,0.0202921,0.0808872,0.1988418,,,,,,,,,,,,,,,,,0.0176,0.0815,,,73807207.02,182761012.7,123725341.4,90968029.66,148999598.6,178944199.8,77139776.28,73910439.12,98441584.63,71836360.51,85.71%,77.78%,77.78%,71.43%,66.67%,80.00%,80.00%,0.00%,0.00%,0.00%,21.09834785,28.62413614,32.20687773,26.54350922,25.14291922,26.33267251,23.3649429,,,,,,83.92857143,100,100,100,100,100,100,,,,,
LAMB.KL,Lambo Group Bhd,Textiles & Apparel,Footwear,Footwear Wholesale,0.0694238,0.0380343,0.0605966,,0.0007303,,,,,,,,,,,,,,,,,,,,,,,,,,1616897.316,1665138.796,6082319.828,17993028.86,26238533.74,23679920.86,18343999.83,52940794.1,103857745.4,52980989.45,80.00%,66.67%,60.00%,0.00%,0.00%,0.00%,0.00%,0.00%,0.00%,0.00%,,24.71230353,21.1338069,22.76925139,,,,,,,,,,100,100,100,,,,,,,,
600612.SS,Lao Feng Xiang Co Ltd,Textiles & Apparel,Apparel & Accessories,Jewelry,0.4207724,0.6571903,0.996998,0.8806967,0.8742254,0.9807566,0.9137521,0.7948872,1.0542173,0.5221099,0.08289,0.088,0.07044,0.08969,0.095,0.08619,0.08364,0.08269,0.08256,,0.16199,0.2041,0.176,0.2174,0.2103,0.2116,0.2033,0.2113,0.2183,,2321867732,2984486279,3437548161,2401754833,2631244363,2292650044,2535667744,2399231401,2308043930,2290541351,33.33%,44.44%,33.33%,0.00%,0.00%,0.00%,0.00%,0.00%,0.00%,0.00%,,5.283110209,13.23684528,9.974452454,,,,,,,,,,100,100,100,,,,,,,,
LEVI.N,Levi Strauss & Co,Textiles & Apparel,Apparel & Accessories,Apparel & Accessories (NEC),0.5072317,0.4993647,0.5232967,0.6163091,1.2038177,0.6454529,1.0885114,1.3187903,1.7941132,,0.0809,0.0729,0.1012,0.1041,0.0169,0.1173,,,,,0.2503,0.2231,0.3384,0.4151,0.0599,0.4103,,,,,6893535001,6607100001,5955209866,5709854364,8802255618,6542076990,6775654395,,,,84.62%,91.67%,92.31%,91.67%,91.67%,0.00%,0.00%,0.00%,0.00%,0.00%,53.45725002,67.36947882,58.55809174,62.22802605,4.788096984,,,,,,,,25,76.47058824,100,100,100,,,,,,,
093050.KS,LF Corp,Textiles & Apparel,Apparel & Accessories,Apparel & Accessories (NEC),0.4680776,0.3887672,0.3117486,0.4272204,0.552149,0.5037349,0.1570124,0.2056924,0.2820711,,,,,,,0.00707,0.03325,0.05126,0.04638,0.03381,0.04869,,,,0.02532,0.0565,0.07346,0.06866,0.04991,,315692221.8,296406034.2,272145779.1,345870807.8,374535104.9,321432398.7,417567883.4,569305210.4,716805508,498335809.5,50.00%,50.00%,50.00%,42.86%,44.44%,0.00%,0.00%,0.00%,0.00%,0.00%,,,31.7397725,19.46768219,16.67213426,19.40999052,8.646288184,,,,,,,,100,100,100,100,100,,,,,
2331.HK,Li Ning Co Ltd,Textiles & Apparel,Apparel & Accessories,Apparel & Accessories (NEC),0.0740321,0.1038455,0.0880188,0.0627102,0.1207834,0.125533,,,0.1921334,,0.08619,0.09393,0.1272,0.17879,0.12519,0.14089,0.08914,0.07207,0.03736,,0.11929,0.13078,0.1789,0.26929,0.21489,0.2317,0.13138,0.11211,0.07123,,5279826757,5290493023,6367391199,21351156891,25199157788,14012725535,6192058686,2049429353,1471353144,1197988127,57.14%,57.14%,57.14%,57.14%,57.14%,57.14%,50.00%,50.00%,57.14%,50.00%,,47.67349314,47.17271258,45.65468296,43.15965202,44.07126729,45.79978707,32.42752306,40.91345171,40.11655952,39.04369744,,,100,100,29.41176471,100,100,100,100,100,100,100,
LITB.N,LightInTheBox Holding Co Ltd,Textiles & Apparel,Apparel & Accessories,Women's Clothing,,,0.0201238,0.0018942,0.0033416,0.0362285,,,,,,,,,,,,,,,,,,,0.0551,,,,,,35071681.71,29840154.82,109884998.1,129941434.2,100431303.8,232972373.6,62979051.75,71513470.86,132121930.7,194242950.9,27.27%,27.27%,27.27%,27.27%,27.27%,0.00%,0.00%,0.00%,0.00%,0.00%,,18.63371451,20.62743615,23.14964741,24.03005638,27.42362714,,,,,,,,100,100,100,100,100,,,,,,
LULU.OQ,Lululemon Athletica Inc,Textiles & Apparel,Apparel & Accessories,Apparel & Accessories (NEC),0.0028677,0.0025519,0.0027312,0.0014598,,,,,,,0.24699,0.2555,0.2444,0.2225,0.1649,0.2406,0.2522,0.1928,0.197,,0.4242,0.4396,0.4378,0.3832,0.273,0.38,0.3385,0.2384,0.2451,,20755615859,44983158586,58463568341,38199263248,44521442549,37142036977,26927206751,14039350521,8869204974,8474088164,90.91%,91.67%,91.67%,83.33%,81.82%,81.82%,80.00%,81.82%,90.91%,85.71%,55.60114616,60.06051236,62.3129061,56.12593867,47.33787693,38.53025452,40.17038693,33.79608487,43.79989246,36.88271189,,,5.357142857,88.63636364,100,44.11764706,100,100,100,100,100,100,,
LUXI.NS,Lux Industries Ltd,Textiles & Apparel,Apparel & Accessories,Knitwear,0.1846698,0.1358877,0.185853,0.2681705,0.136732,0.3393261,0.4397,1.0330217,0.806413,0.9599291,,,,0.1939,,,,,,,,,0.03701,0.29339,0.36159,0.271,0.2707,0.28,,,317188857,682851717.4,425814496.9,558008479.6,1310405099,467723267.2,405599946,429577865.2,499977259.1,261013747.3,50.00%,50.00%,50.00%,46.15%,0.00%,0.00%,0.00%,0.00%,0.00%,0.00%,46.04056551,44.0501771,43.09258662,40.42293451,,,,,,,,,100,100,100,76.47058824,,,,,,,,
LVMH.PA,LVMH Moet Hennessy Louis Vuitton SE,Textiles & Apparel,Apparel & Accessories,Apparel & Accessories (NEC),0.5877437,0.6137861,0.6198679,0.7044307,0.9653094,0.657761,0.3243219,0.3810778,0.2634956,,0.0857,0.109,0.10839,0.1029,0.0458,0.084,0.0882,0.08,0.07,,0.1953,0.2613,0.2755,0.2848,0.1271,0.2082,0.2074,0.1857,0.16175,,3.21008E+11,3.17967E+11,3.68303E+11,3.42165E+11,3.66959E+11,2.57881E+11,2.0935E+11,1.30398E+11,1.24416E+11,91992176416,55.00%,58.82%,56.25%,58.82%,55.56%,58.82%,62.50%,58.82%,55.00%,50.00%,,80.8167317,81.10455075,79.47160333,77.80953654,69.93523508,69.06566031,64.76540214,57.85662634,61.41736985,60.92746889,,,6.818181818,71.42857143,44.11764706,27.77777778,5.555555556,90,85.71428571,75,70,100,
MAGN.N,Magnera Corp,Textiles & Apparel,Textiles & Leather Goods,Textiles & Leather Goods (NEC),1.8345865,,3.3494437,2.657542,1.450645,0.5424877,0.6472761,0.7640537,0.6790478,0.5698886,,,,,,,,,,,,,,,,,,,,,462131704.6,620252653.5,79257943.23,116364834.9,673671364.4,595058931.8,721080700.4,372583085.6,779001418.6,989629313,87.50%,77.78%,90.00%,90.00%,88.89%,88.89%,88.89%,88.89%,90.00%,0.00%,,,62.52429296,56.3630438,66.13724706,64.66579324,63.25468846,57.29340155,63.52704115,47.48375755,35.52870746,,,,100,100,100,100,100,100,100,100,100,
MATE.KL,Magni-Tech Industries Bhd,Textiles & Apparel,Apparel & Accessories,Apparel & Accessories (NEC),,,,,,,,,,,,0.13024,0.1072,,,0.18649,0.181,0.181,,,,0.15046,0.12119,,,0.2141,0.206,0.20899,,,189991437.9,238282962.2,160198963.7,169565794.2,179680301.2,205943445.4,243304617.4,137422903.3,190869517.5,144625334.5,40.00%,50.00%,40.00%,40.00%,20.00%,0.00%,0.00%,0.00%,0.00%,0.00%,29.56503881,21.1371911,21.39228806,24.50869395,13.81778163,,,,,,,,100,100,100,100,100,,,,,,,
1477.TW,Makalot Industrial Co Ltd,Textiles & Apparel,Apparel & Accessories,Apparel & Accessories (NEC),0.1016288,0.1075792,0.1440344,0.1746374,0.3393847,0.1076158,0.0446421,0.0326404,0.0635683,,0.1712,0.1619,0.1507,0.13,0.11035,0.1341,0.11492,0.10007,0.11411,,0.27019,0.256,0.24179,0.22309,0.20391,0.2119,0.17558,0.14926,0.17261,,1933975058,2333028758,2532100811,1722073909,1903135428,1227909381,1032790421,1018322952,735567731.7,751620254.3,31.25%,23.53%,20.00%,20.00%,23.53%,21.43%,21.43%,0.00%,0.00%,0.00%,,72.33579721,64.92844719,69.80554723,69.63414407,70.35661176,65.88285883,67.89224532,,,,,,100,100,100,100,100,100,100,,,,
MEKKO.HE,Marimekko Oyj,Textiles & Apparel,Apparel & Accessories,Apparel & Accessories (NEC),0.4058077,0.5005933,0.6133153,0.4622027,0.7239455,0.9352344,0.0101987,0.1089374,0.2111527,,0.19219,0.1985,0.1835,0.1971,0.1221,0.1691,0.1573,0.1226,0.0853,,0.34509,0.3896,0.36259,0.3981,0.2695,0.3299,0.232,0.1987,0.1454,,527164374.5,492667940.4,541040452.7,356086729.2,688596939.8,370313938.7,291048057.2,168263888,81705061,76689502.8,85.71%,83.33%,87.50%,77.78%,75.00%,0.00%,0.00%,0.00%,0.00%,0.00%,,43.03739656,47.90844365,43.29672307,43.57470381,51.39726113,,,,,,,,100,100,100,100,100,,,,,,
MC.BK,MC Group PCL,Textiles & Apparel,Apparel & Accessories,Jeans,0.3072866,0.3310026,0.2642862,0.2341151,0.3089122,,0.0000163,,0.0227694,0.0383942,,0.13037,0.12338,0.09449,0.09589,0.10553,0.0891,,,,0.2039,0.19122,0.17433,0.1335,0.12429,0.12161,0.1038,,,,242496561.4,238377231.1,275927806.7,224515180.6,191783995.2,214065437.5,175398396.8,234327891.8,323712147.5,320605357.1,50.00%,58.33%,61.54%,0.00%,0.00%,0.00%,0.00%,0.00%,0.00%,0.00%,,49.52631666,45.50930823,34.11322813,,,,,,,,,,100,100,100,,,,,,,,
MIRZ.NS,Mirza International Ltd,Textiles & Apparel,Footwear,Footwear (NEC),0.0846446,0.064132,0.0494376,0.1023417,0.2186276,0.4584342,0.5833238,0.4987758,0.3107721,0.4601903,,,,,0.0068,,,,,,,,,,0.0139,,,0.1458,0.15,0.206,48442258.02,59181872.65,69697048.9,336221156.4,178851049.7,76945389.23,85134150.56,125391069.7,249660166.6,143497527,61.54%,46.15%,50.00%,50.00%,0.00%,0.00%,0.00%,0.00%,0.00%,0.00%,45.3983286,30.50240853,37.51313797,26.25102118,,,,,,,,,100,100,100,100,,,,,,,,
MONC.MI,Moncler SpA,Textiles & Apparel,Apparel & Accessories,Apparel & Accessories (NEC),0.2669073,0.2639943,0.3145035,0.3657017,0.4383571,0.5655206,0.0902181,0.1007828,0.1998547,,0.1219,0.1271,0.13619,0.112,0.11289,0.098,0.22118,0.1972,0.19597,,0.18809,0.2001,0.2247,0.1908,0.2048,0.1729,0.3337,0.3069,0.3391,,15125744532,14009607535,15296761386,13547298105,17521172216,12953800567,10337239527,7394424334,6642772669,4135975003,58.33%,58.33%,73.33%,66.67%,58.33%,53.85%,54.55%,54.55%,50.00%,0.00%,,81.65047978,73.41395267,83.19940409,83.05995019,78.6570791,80.02380627,73.1884745,59.53633485,51.31434391,,,,100,100,100,100,100,100,100,100,100,,
MONNA.MI,Monnalisa SpA,Textiles & Apparel,Apparel & Accessories,Children's & Infants' Clothing,1.3921715,0.9795184,0.5087422,0.5077907,0.4963144,0.3776773,0.2850963,0.4272717,0.2677908,,,,,,,,-0.1178,0.0196,,,,,,-0.1212,-0.0633,-0.2291,-0.1951,0.0338,,,4838553.372,9844244,9844244,15185270,19321947,20631022,31417800,49714149.27,,,57.14%,33.33%,40.00%,42.86%,20.00%,0.00%,0.00%,0.00%,0.00%,0.00%,,26.82556379,31.06756453,40.91530584,40.48495913,42.77500505,,,,,,,,100,100,100,100,100,,,,,,
MTC.L,Mothercare PLC,Textiles & Apparel,Apparel & Accessories,Apparel & Accessories (NEC),,,,13.4666667,,21.3913043,,9.5869565,0.1953317,,-0.0978,0.13208,,,,,,-0.0042,0.0475,0.0483,,-0.21944,,-0.43,,,,,0.1935,0.1966,16096845.88,29298412.7,44222745.6,47736025.96,129674639.4,47652662.27,76346952.99,60896197.27,125103141.3,226559205.5,40.00%,33.33%,33.33%,40.00%,33.33%,40.00%,50.00%,55.56%,72.73%,66.67%,24.42949777,17.60776178,22.99906619,25.00426993,21.71862903,23.54214946,27.11325693,34.42022829,44.62775395,45.76947914,,,100,100,100,100,100,100,100,100,100,100,,
MOV.N,Movado Group Inc,Textiles & Apparel,Apparel & Accessories,Watches,0.0006204,0.0005905,,0.0001032,0.0497751,0.098409,0.1004844,0.0531536,0.0632921,,,,,,,,,,,,,,,,,,,,,,275327002.7,298144900.1,426104362,473277687.5,602626642.2,225699454.4,318329799.2,454881567.4,615764333.1,627148477.5,75.00%,75.00%,75.00%,71.43%,70.00%,72.73%,70.00%,66.67%,66.67%,0.00%,49.92348903,54.55411425,55.20466282,51.56854643,34.58981102,27.1908752,26.63580834,25.5674003,28.12294952,,,,100,100,100,100,100,100,100,100,100,,,
MUL.L,Mulberry Group PLC,Textiles & Apparel,Apparel & Accessories,Apparel & Accessories (NEC),,7.4644728,1.799598,1.8188417,4.1990271,7.2567857,0.055497,,,,-0.161,-0.17292,0.02382,0.1164,,,,0.0508,0.0539,0.0293,-1.49099,-0.67827,0.07313,0.4577,,,,0.0692,0.0738,0.04032,84965344.69,92395985.63,114334948.1,156189035.9,228793556.7,153351167.7,202518147.7,198037019,713204877.7,770887105.8,37.50%,25.00%,25.00%,25.00%,22.22%,0.00%,0.00%,0.00%,0.00%,0.00%,,33.77526709,28.54484457,24.11746099,21.09593835,21.05492016,,,,,,,,100,100,100,100,100,,,,,,
NEWAb.ST,New Wave Group AB,Textiles & Apparel,Apparel & Accessories,Apparel & Accessories (NEC),0.3276385,0.3717262,0.4666836,0.3057842,0.5557515,0.8794388,0.6240755,0.6073221,0.698495,,0.0798,0.10321,0.12565,0.1022,0.0468,0.0486,0.0558,0.0601,0.0489,,0.1288,0.18123,0.25,0.18079,0.095,0.103,0.1128,0.122,0.0683,,991699058.3,790313136.3,855321502.8,864178789,766383154.3,252211861.1,266459042.8,215640957,258330423.7,269101070.2,80.00%,75.00%,87.50%,88.89%,85.71%,85.71%,83.33%,0.00%,0.00%,0.00%,,47.95582272,50.0910845,55.24718037,53.66852112,54.17933473,45.9954617,38.49631302,,,,,,100,100,100,100,100,100,100,,,,
NKE.N,Nike Inc,Textiles & Apparel,Footwear,Sports & Outdoor Footwear,0.6028911,0.6173943,0.6378892,0.6171062,0.7374481,1.1988827,0.4262168,0.4315124,0.3362618,0.1662588,0.08619,0.1596,0.1302,0.1549,0.1658,0.0922,0.1742,0.1731,0.19,0.1749,0.23289,0.4246,0.3463,0.43109,0.5501,0.297,0.4274,0.3567,0.3438,0.3012,80302813334,1.08109E+11,1.49055E+11,1.69529E+11,2.31838E+11,1.82614E+11,1.41079E+11,1.02662E+11,85071133553,80522904481,76.92%,76.92%,75.00%,75.00%,85.71%,78.57%,76.92%,69.23%,73.33%,78.57%,,66.73408813,69.70863602,73.34667425,73.22400179,75.86654183,71.851128,71.59072408,70.64944203,65.43966475,75.41321535,,,2.272727273,10.71428571,17.64705882,66.66666667,33.33333333,10,85.71428571,100,70,75,
NILb.ST,Nilorngruppen AB,Textiles & Apparel,Textiles & Leather Goods,Textiles & Leather Goods (NEC),0.2327813,0.3781672,0.2869584,0.2719095,0.3790715,0.6533798,0.2239015,0.2317998,0.2055141,,,,,,,0.0777,,0.2163,,,0.183,0.1254,0.3303,0.35829,0.1625,0.2571,0.4226,0.4458,0.4478,,64114616.21,59926024.24,56392958.7,78747426.1,84264447.43,41757762.77,68740339.6,69368642.02,81986191.75,84790405.5,83.33%,60.00%,85.71%,80.00%,75.00%,0.00%,0.00%,0.00%,0.00%,0.00%,,41.69402048,39.09014515,44.63094286,36.66344329,34.04357724,,,,,,,,100,100,100,100,100,,,,,,
ONON.N,On Holding Ltd,Textiles & Apparel,Footwear,Sports & Outdoor Footwear,0.2878287,0.2268032,0.1753481,0.2131818,0.0968122,0.3135498,,,,,0.1599,0.0756,0.0691,-0.2103,,,,,,,0.2573,0.11,0.065,-0.3114,,,,,,,13099050273,17131899677,7774565073,5067345930,10295345614,,,,,,62.50%,0.00%,0.00%,0.00%,0.00%,0.00%,0.00%,0.00%,0.00%,0.00%,,34.16340862,,,,,,,,,,,,100,,,,,,,,,,
8016.T,Onward Holdings Co Ltd,Textiles & Apparel,Apparel & Accessories,Apparel & Accessories (NEC),0.6178177,0.4934996,0.3766883,0.5134163,1.5409938,0.7594857,0.4095925,0.2807103,0.2801231,0.4123084,,,,0.003,-0.094,-0.015,0.01721,0.022,0.019,0.017,,0.086,0.043,0.139,-0.316,-0.49642,0.02955,0.033,0.028,0.024,567852065.2,570871376.6,487947875.3,348899567.8,362433167.5,257709703.6,844736150.7,740178160.8,1212582179,1119333345,33.33%,42.86%,42.86%,28.57%,33.33%,28.57%,28.57%,28.57%,25.00%,25.00%,,38.30214956,32.96286276,34.27354943,26.46825796,21.291529,17.01430189,11.43211131,10.76986819,10.30341228,12.4077732,,,100,100,100,100,100,100,100,100,100,100,
OXM.N,Oxford Industries Inc,Textiles & Apparel,Apparel & Accessories,Men's Clothing,0.0499631,0.0522433,0.2265285,0.0059094,,,0.0271618,0.1065762,0.2432909,0.1315042,,,,,,,,,,,0.17879,0.2891,0.2184,0.29519,,,0.1603,0.1519,0.1545,,433213350.1,1194748156,1415836824,1372924783,1508434096,905627470.6,1146437244,1050162881,1055090681,959178815.3,90.91%,90.91%,91.67%,90.91%,90.91%,90.00%,90.00%,90.91%,90.91%,83.33%,39.92217169,47.33113896,59.49445675,71.46299613,65.69805182,7.521700969,33.50754487,28.79901671,24.99548458,22.85153387,,,100,100,100,100,100,100,100,100,100,100,,
PAGE.NS,Page Industries Ltd,Textiles & Apparel,Apparel & Accessories,Apparel & Accessories (NEC),0.186053,0.1157535,0.2964127,0.1009612,0.1435725,0.2151354,0.1093907,0.0808993,0.1316965,0.1790911,0.27379,0.21179,0.238,0.2819,0.212,0.2397,0.2852,0.2707,0.2539,0.2632,0.48539,0.38359,0.4645,0.54369,0.3974,0.4304,0.4857,0.4586,0.4454,0.5217,3809752805,5983328265,4678963416,5397340235,5325859229,3452516303,3262222660,3528680707,3720583490,2131578703,46.67%,53.33%,42.86%,46.67%,50.00%,50.00%,42.86%,0.00%,0.00%,0.00%,,71.61913893,69.0215157,76.68807558,74.6121135,70.68554451,62.04446967,45.82371712,,,,,,100,100,76.47058824,66.66666667,100,100,100,,,,
PNDORA.CO,Pandora A/S,Textiles & Apparel,Apparel & Accessories,Jewelry,2.4330065,2.0853408,1.0587415,0.560777,0.8204087,1.9110307,1.0389469,0.836199,0.4431852,,0.2028,0.2069,0.248,0.216,0.0933,0.1443,0.3917,0.5341,0.4244,,0.9623,0.75709,0.7099,0.5782,0.3074,0.5061,0.4265,0.48,0.9317,,7487540205,14481941897,11142466306,6269984470,10966871711,9156781233,3879667526,3911970910,10211523321,14564720133,85.71%,87.50%,100.00%,100.00%,100.00%,90.00%,77.78%,80.00%,80.00%,72.73%,,72.93108172,76.62139173,76.80991481,75.91880845,76.05219793,75.15861172,64.99754786,57.94050697,56.45842968,53.9072818,,,100,100,100,100,100,100,100,100,100,100,
PCJE.NS,PC Jeweller Ltd,Textiles & Apparel,Apparel & Accessories,Jewelry,0.347355,1.4158698,1.0124209,0.8719068,0.5654965,0.6068169,0.540863,0.2874899,0.2395082,0.4028035,,,,,,,,,,,,,,,,,,0.1481,0.1458,0.1852,661810603.9,1046033207,236737076.4,438464180.2,148163002.4,112278335,120253941.1,426416718.8,2352362238,992906391.5,66.67%,71.43%,71.43%,71.43%,0.00%,0.00%,0.00%,0.00%,0.00%,0.00%,32.64916867,30.19028512,35.23676839,29.08823709,,,,,,,,,100,100,100,100,,,,,,,,
PDSL.NS,PDS Ltd,Textiles & Apparel,Apparel & Accessories,Apparel & Accessories (NEC),0.7178838,0.8460791,0.6462343,0.7911089,0.7803448,1.3560819,1.402734,1.0152222,0.8610548,0.8449122,,,,,,,,,,,0.16297,0.1299,0.2751,0.327,,0.117,,,,,499523407,920681884.1,790494023.7,512268833.6,515316498.7,133578451.6,102254597.8,91156068.97,103172318.4,54423313.84,50.00%,60.00%,55.56%,66.67%,0.00%,0.00%,0.00%,0.00%,0.00%,0.00%,52.02840223,51.00423241,35.68930188,41.68177584,,,,,,,,,100,100,100,100,,,,,,,,
POHK.KL,Poh Kong Holdings Bhd,Textiles & Apparel,Apparel & Accessories,Jewelry,0.1953296,0.1778151,0.2322563,0.1999102,0.2628961,0.3077394,0.3390515,0.4216071,0.3748458,0.4905368,,,0.07824,0.06273,0.087591,,,,,,0.10943,,0.1144,0.082644,0.132635,,,,,,98467194.84,86492790.58,70072921.26,71022189.05,69350628.66,68954405.97,44761357.78,38984807.46,52021536.66,39602764.38,33.33%,50.00%,37.50%,37.50%,0.00%,0.00%,0.00%,0.00%,0.00%,0.00%,,21.11448784,19.26688869,20.42149464,17.10857193,,,,,,,,,100,100,100,100,,,,,,,
9904.TW,Pou Chen Corp,Textiles & Apparel,Footwear,Footwear (NEC),0.3332657,0.3854397,0.5178641,0.5155542,0.5637272,0.6189137,0.6460012,0.5785213,0.4719874,,0.04723,0.03246,0.03658,0.03936,,0.03545,0.03533,0.04338,0.04545,,0.11994,0.09111,0.10262,0.10356,,0.12115,0.24577,0.16221,0.18013,,2414254574,3203554530,2689144254,3079731388,3112054120,2698587434,3445299784,2748228360,3192534832,3473595261,33.33%,33.33%,45.45%,33.33%,30.00%,33.33%,40.00%,33.33%,30.00%,22.22%,,71.76844569,74.53182708,74.81472299,62.1975784,20.0097055,55.04100965,59.07044104,66.14670495,59.14201259,54.78371836,,,100,100,100,100,100,100,100,100,100,100,
1913.HK,Prada SpA,Textiles & Apparel,Apparel & Accessories,Luxury Clothing,0.6288822,0.670048,0.7609435,0.8909025,1.0117364,1.0844309,0.313735,0.3460802,0.225103,,0.10379,0.0895,0.0649,0.0436,-0.008,0.0437,0.04363,0.0463,,,0.20329,0.183,0.1411,0.099,-0.0187,0.0875,0.0718,0.0735,,,12597938671,19138846932,13258036535,13524911548,14407715242,13837500183,9435238781,7350075644,7726702259,8255371239,50.00%,41.67%,50.00%,50.00%,50.00%,50.00%,44.44%,0.00%,0.00%,0.00%,,56.3823286,56.41996956,53.76614503,44.3377714,48.56995423,48.70331492,54.18415219,,,,,,61.36363636,100,100,100,100,100,100,,,,
PDJ.BK,Pranda Jewelry PCL,Textiles & Apparel,Apparel & Accessories,Jewelry,0.4382916,0.1201688,0.1644368,0.22254,0.3491823,0.3482242,0.3358905,0.6270171,0.7135814,,,,,,,,,,,0.05146,,,,,,,,,,0.06468,20082348.83,32856747.61,29733942.06,43657884.48,45976919.44,17879053.93,21241379,24191569.52,44469519.86,43475891.16,33.33%,0.00%,0.00%,0.00%,0.00%,0.00%,0.00%,0.00%,0.00%,0.00%,,47.04514417,,,,,,,,,,,,100,,,,,,,,,,
PUMG.DE,Puma SE,Textiles & Apparel,Footwear,Footwear (NEC),0.6075797,0.6987569,0.619072,0.6170287,0.6841658,0.4787273,0.0184067,0.0194966,0.0162583,,0.04089,0.0455,0.0566,0.0595,0.0174,0.0692,0.0618,0.0483,0.0232,,0.1046,0.1214,0.1488,0.1532,0.04389,0.1467,0.1126,0.0815,0.0376,,3300576750,6640611975,7619660813,8551757088,16213648800,13918097779,10308864144,6440212128,5474934432,3765337138,75.00%,71.43%,57.14%,66.67%,16.67%,12.50%,14.29%,10.00%,10.00%,11.11%,,85.84298966,86.18359177,82.64016753,82.80774038,78.66414098,79.31960214,71.46370788,73.49548401,72.93153117,74.53451761,,,61.36363636,100,76.47058824,100,100,100,100,100,100,100,
PVH.N,PVH Corp,Textiles & Apparel,Apparel & Accessories,Apparel & Accessories (NEC),0.4078592,0.4256579,0.4681908,0.4485706,0.7542862,0.4769509,0.485981,0.5564627,0.6694557,0.7016673,0.0599,0.0574,0.0491,0.05679,-0.0104,0.0558,0.0625,0.0544,0.0506,0.0544,0.1296,0.13009,0.11519,0.1455,-0.0265,0.122,0.1307,0.1208,0.1176,0.1314,2613631849,5682593204,6599283495,4179932139,6565003541,5465983304,6843498087,6137958341,8799148613,6803876887,91.67%,92.31%,85.71%,85.71%,84.62%,84.62%,84.62%,91.67%,84.62%,85.71%,,79.70198938,81.46481671,79.18396497,82.50130548,78.45712263,70.7449173,73.84563329,74.41228148,79.27357907,69.85739771,,,61.36363636,100,100,66.66666667,100,100,100,100,100,100,
REXP.NS,Rajesh Exports Ltd,Textiles & Apparel,Apparel & Accessories,Jewelry,0.0583343,0.0429577,0.049125,0.065452,0.0909836,0.1213368,0.7011757,1.2490329,1.0030407,1.0644596,,0.0149,0.0612,0.04259,0.0312,0.0405,0.0494,0.0531,0.0532,,,0.0224,0.10539,0.08519,0.0777,0.1245,0.1614,0.1939,0.2458,0.2713,513804463.4,768764587.3,1178846243,2440482316,2572101609,1623781167,2470915601,2113283341,3100263985,1906388407,50.00%,42.86%,57.14%,0.00%,0.00%,0.00%,0.00%,0.00%,0.00%,0.00%,,18.82464159,16.26908474,14.42031605,,,,,,,,,,100,100,100,,,,,,,,
RL.N,Ralph Lauren Corp,Textiles & Apparel,Apparel & Accessories,Apparel & Accessories (NEC),0.5400811,0.5778068,0.6065007,0.7877366,0.7768008,0.5087817,0.2810903,0.2464569,0.2611529,0.267094,0.1156,0.1024,0.07929,0.0798,0.0167,0.07657,0.0972,0.0844,0.0804,0.0886,0.31309,0.281,0.23179,0.2425,0.0479,0.16929,0.1742,0.1473,0.1354,0.143,18257335309,13854362983,8445213406,6513994983,7697131455,6209609186,7802434739,7256232370,7025259546,7061667975,76.92%,78.57%,76.92%,80.00%,76.92%,78.57%,58.33%,72.73%,69.23%,69.23%,,77.41996297,77.72680691,78.89545102,77.78847625,69.89726232,58.77568701,48.09399231,52.4271272,53.21894524,33.06500321,,,88.63636364,100,76.47058824,100,100,100,100,100,100,100,
RYMD.NS,Raymond Ltd,Textiles & Apparel,Textiles & Leather Goods,Textiles & Leather Goods (NEC),0.1780705,0.8270706,0.8476872,0.9556654,1.1077089,1.207668,1.2122827,1.2468148,1.2294424,1.188416,,,,,,,,,,,,0.44729,0.2419,0.19019,-0.13279,0.073,0.0917,0.0652,0.0215,0.0801,269442130,1259658445,1249107648,1106025256,488798600.4,252228996.7,541245088.6,649947373.7,847677858.5,424198963,55.56%,50.00%,54.55%,0.00%,0.00%,0.00%,0.00%,0.00%,0.00%,0.00%,,51.27244096,50.26706638,52.13897035,,,,,,,,,,100,100,100,,,,,,,,
RLXO.NS,Relaxo Footwears Ltd,Textiles & Apparel,Footwear,Footwear (NEC),0.1012931,0.1024282,0.0884504,0.0988796,0.0916809,0.1308944,0.101351,0.2014687,0.2942758,0.5108855,0.06219,0.077,0.0633,0.1021,0.1452,0.1313,0.1229,0.1377,,,0.0831,0.104,0.0855,0.1396,0.205,0.1903,0.188,0.2356,0.2267,0.2737,953958317,1742511908,2449851501,2559019820,3862053972,2255220431,1911118125,1106231294,1063120869,675992610.3,54.55%,50.00%,50.00%,42.86%,0.00%,0.00%,0.00%,0.00%,0.00%,0.00%,44.62027659,43.55589954,48.50651529,40.89632609,,,,,,,,,83.92857143,100,100,100,,,,,,,,
RCKY.OQ,Rocky Brands Inc,Textiles & Apparel,Footwear,Footwear Wholesale,0.5543656,0.7744403,1.1922422,1.3648581,,,,0.0155885,0.1079551,,,,,,,,,,0.0488,0.003,,,,,,,,,0.0622,0.0041,187421647.6,164166104.6,201761514.7,161697759.1,255653404.4,166457977.3,193092423.7,167043169.5,116501694.2,81588609.52,80.00%,81.82%,81.82%,80.00%,80.00%,80.00%,0.00%,0.00%,0.00%,0.00%,,,39.46904421,33.21423612,27.0276141,24.09567786,27.75694007,25.07595625,,,,,,,100,100,100,100,100,100,,,,
2915.TW,Ruentex Industries Ltd,Textiles & Apparel,Textiles & Leather Goods,Textiles & Leather Goods (NEC),0.0905611,0.1538617,0.197973,0.281495,0.2847897,0.3642299,0.7757709,0.6383011,0.6997628,,,,,,,,,,,0.13109,,,,,,,,,,0.37765,1653457450,2355537372,2097066831,2193541058,2280888617,1148238556,1238285509,1270136114,1338760931,1482411234,36.36%,33.33%,30.00%,33.33%,33.33%,33.33%,30.00%,28.57%,25.00%,28.57%,,56.92074201,52.76628923,58.19396563,56.55373442,55.17770647,48.28129203,34.13377497,14.97167694,11.7745754,13.52197144,,,100,100,100,100,100,100,100,100,100,100,
RUCL.NS,Rupa & Company Ltd,Textiles & Apparel,Apparel & Accessories,Apparel & Accessories (NEC),0.233825,0.2450176,0.2831908,0.4194521,0.2213009,0.3268598,0.386375,0.2314939,0.1913245,0.403734,,,,,,,,,,,,,,,0.2681,,,0.1068,0.179,,120821107.4,223514268.4,232532718.1,252702222.7,415169460,273390808.1,194527594.2,328553081,503450949.2,277772571.5,50.00%,50.00%,50.00%,0.00%,0.00%,0.00%,0.00%,0.00%,0.00%,0.00%,44.63901377,40.6113833,40.61859175,,,,,,,,,,100,100,100,,,,,,,,,
SABINA.BK,Sabina PCL,Textiles & Apparel,Apparel & Accessories,Lingerie,0.2001176,0.2407414,0.199037,0.2378367,0.344576,0.3036464,0.0850848,0.0094969,0.0615687,,0.16789,0.1646,0.1533,0.10679,0.09509,0.14707,,,,,0.25079,0.24769,0.2257,0.1623,0.15143,0.2236,,,,,153490783,198429692.1,236171995,218595874,182261019.2,192577396.8,246706197.4,280145444.1,210028743.8,216733733.3,38.46%,38.46%,41.67%,45.45%,0.00%,0.00%,0.00%,0.00%,0.00%,0.00%,,51.79818404,58.71347183,56.7775258,46.11080462,,,,,,,,,100,100,100,100,,,,,,,
SAFA.NS,Safari Industries (India) Ltd,Textiles & Apparel,Apparel & Accessories,Handbags & Luggage,0.1308981,0.1776142,0.3274935,0.1847549,0.1464121,0.4953221,0.5196812,0.3182145,0.414571,0.6289357,,,,,,,,,,,0.1607,0.28149,0.34429,0.1091,-0.082,0.1422,,,,,1009469298,1435958434,1011025881,450712841.3,235732405.3,129938864.7,173091540.4,221490501.5,176034323.5,63254845.5,60.00%,60.00%,55.56%,50.00%,0.00%,0.00%,0.00%,0.00%,0.00%,0.00%,55.87434959,46.26248027,44.84761229,34.9094804,,,,,,,,,100,100,100,100,,,,,,,,
SFER.MI,Salvatore Ferragamo SpA,Textiles & Apparel,Apparel & Accessories,Apparel & Accessories (NEC),1.2734314,1.0955574,0.7797008,0.9369916,1.0622985,0.9224771,0.0471988,0.1086847,0.167795,,-0.0387,0.0148,0.03899,0.0441,-0.0229,0.05759,0.0746,0.0998,0.1742,,-0.102,0.0354,0.09179,0.1079,-0.05599,0.11519,0.1197,0.1674,0.3214,,1392216072,1142708300,2060925900,2783347100,3802838700,2677009400,3164812500,2979987450,3738698500,3785959700,53.85%,54.55%,50.00%,42.11%,28.57%,30.77%,23.53%,28.57%,0.00%,0.00%,,63.28837071,61.26470881,63.56241119,65.33410883,73.55160187,68.39710231,57.49018607,53.63928876,,,,,88.63636364,100,100,100,100,100,100,100,,,
1910.HK,Samsonite Group SA,Textiles & Apparel,Apparel & Accessories,Apparel & Accessories (NEC),1.5035599,1.5128154,2.2114672,4.4361409,5.5638266,1.2016987,0.96404,1.0352476,1.2411543,,0.06782,0.0848,0.06179,0.00347,-0.3035,0.0356,0.04636,0.06878,0.07448,,0.23613,0.3359,0.3439,0.02629,-0.3142,0.0975,0.1266,0.20516,0.1809,,3019644080,3759237236,4331819693,3536815259,2568250655,2082330755,3067707850,3544730662,5445978064,3834335355,75.00%,75.00%,80.00%,75.00%,62.50%,62.50%,0.00%,0.00%,0.00%,0.00%,,50.27367583,50.1287423,50.27898873,44.93418204,50.712457,37.74558249,,,,,,,100,100,100,100,100,100,,,,,
SASA.IS,SASA Polyester Sanayi AS,Textiles & Apparel,Textiles & Leather Goods,Textiles & Leather Goods (NEC),0.7826986,1.0031584,1.063287,2.8825239,2.0461732,1.6748448,1.1764602,0.8092666,0.6489287,,,,,,,,,,,-0.11719,,,,,,,0.1662,,,-0.19324,2414690725,4874728080,5961260593,12319802229,3910216559,1848976437,962250164.6,817050892.4,1042755027,274653437.2,41.67%,36.36%,41.67%,37.50%,42.86%,42.86%,23.08%,0.00%,0.00%,0.00%,,72.98248555,72.76833988,67.34881063,50.9528552,53.96887279,26.71325186,20.74315815,,,,,,100,100,100,100,94.44444444,100,100,,,,
2313.HK,Shenzhou International Group Holdings Ltd,Textiles & Apparel,Apparel & Accessories,Knitwear,0.3607133,0.3730779,0.3027484,0.3858994,0.2465503,0.1634814,0.1120833,0.1074626,0.303834,0.2883046,0.12269,0.099,0.1066,0.08539,0.1414,0.17149,0.17583,0.17773,0.15898,0.13728,0.1816,0.1433,0.15589,0.1225,0.1902,0.21469,0.21663,0.21921,0.2093,0.18936,10065172458,11589231796,14024798147,15791644341,25426057570,24133154263,19606657855,14853311425,11933380814,8417772229,45.45%,44.44%,44.44%,54.55%,44.44%,44.44%,44.44%,45.45%,40.00%,40.00%,,46.15697478,46.43538353,48.55248398,50.28009958,55.51272559,55.41034483,47.12819347,37.90037997,40.95966426,39.83514861,,,100,100,100,100,100,100,100,100,100,100,
SIYR.NS,Siyaram Silk Mills Ltd,Textiles & Apparel,Textiles & Leather Goods,Textiles & Leather Goods (NEC),0.2037406,0.1533673,0.1424421,0.2364623,0.1806546,0.5617753,0.5801817,0.8390384,0.5105822,0.8055484,,,,,,,,,,,,,0.1233,0.2542,0.0047,0.0913,0.1449,0.1833,0.16483,0.1801,271821930.8,442665555.6,264166255.6,278575760.2,239902829.3,102884048.9,135424028.5,206185446.6,455353128.6,169008484.5,50.00%,50.00%,50.00%,50.00%,0.00%,0.00%,0.00%,0.00%,0.00%,0.00%,42.03636295,44.58998906,31.34956831,31.92506664,,,,,,,,,100,100,100,100,,,,,,,,
SHOO.OQ,Steven Madden Ltd,Textiles & Apparel,Footwear,Women's Footwear,,,,,0.0002379,,,,,,,,,,,,,0.1481,0.1281,0.128,0.2294,0.21989,0.26289,0.24,0.0646,,0.1961,0.1675,0.1704,,2575981454,2964890265,2839398930,2325867416,3327166424,2405904630,3226582451,2307429388,2300866047,2061568228,81.82%,81.82%,81.82%,80.00%,80.00%,80.00%,77.78%,75.00%,75.00%,75.00%,,51.84829822,54.38826787,52.55471881,49.41696177,39.56833737,49.48417938,40.39863752,30.45805446,30.4865321,28.1662781,,,100,71.42857143,100,100,100,100,100,100,100,100,
SUNTK.IS,Sun Tekstil Sanayi Ve Ticaret AS,Textiles & Apparel,Apparel & Accessories,Women's Clothing,0.2639007,0.2144911,0.2668644,1.1483983,1.3755559,1.1710181,,,,,,,,0.2756,,,,,,,,,,0.6062,,,,,,,572971247.6,493509267.5,285954494.1,400691567.7,,,,,,,28.57%,42.86%,33.33%,33.33%,0.00%,0.00%,0.00%,0.00%,0.00%,0.00%,,82.03094137,85.84950188,82.19082263,15.2630543,,,,,,,,,100,100,100,100,,,,,,,
SUY1V.HE,Suominen Oyj,Textiles & Apparel,Textiles & Leather Goods,Textiles & Leather Goods (NEC),0.8652473,0.8187924,0.708387,0.9138169,0.687494,0.8241778,0.7774185,0.8075793,0.6616325,,-0.0169,-0.03879,-0.03799,0.05889,0.0955,0.0007,-0.0054,0.0452,0.05016,,-0.0436,-0.09439,-0.0897,0.13419,0.2077,0.0017,-0.0129,0.1103,0.116,,104514797.6,132831019.3,166038774.2,174486360.9,301782754.4,295956832.5,134578795.9,119431399,257505748,213895757.9,85.71%,85.71%,85.71%,85.71%,87.50%,0.00%,0.00%,0.00%,0.00%,0.00%,,55.62724094,57.80109201,58.23156184,59.07013702,51.19603846,,,,,,,,100,100,100,100,100,,,,,,
SGC.OQ,Superior Group of Companies Inc,Textiles & Apparel,Apparel & Accessories,Men's Clothing,0.4326498,0.4729708,0.8064268,0.5116128,0.4574336,0.7571309,0.7786988,0.3115438,0.3810041,,0.02866,0.01995,,,,,,,,,0.06054,0.04496,,,,,,,,,129649249.7,263203639.3,201911725.5,153558881.5,311256659.8,292886543.7,184269407.6,235039152.8,332780803.3,269419054.4,75.00%,71.43%,71.43%,71.43%,71.43%,71.43%,66.67%,66.67%,0.00%,0.00%,,46.06140325,36.19823354,38.33469539,32.60960688,33.64943512,39.62228313,35.75136879,36.36234205,,,,,100,100,100,100,100,100,100,100,,,
SWAN.NS,Swan Corp Ltd,Textiles & Apparel,Textiles & Leather Goods,Textiles & Leather Goods (NEC),0.3325082,0.4387608,1.3485695,2.4242594,2.2021786,0.8223337,0.957863,0.9782053,1.9032178,1.8908527,,,,,,,,,,,,,0.0063,,0.09132,0.15025,,,,,1394219220,2545184913,1468952156,912128190.2,420683548.7,368990731.4,330120733.4,309845075,608963157.5,477317016.5,50.00%,60.00%,60.00%,0.00%,0.00%,0.00%,0.00%,0.00%,0.00%,0.00%,,23.64872908,26.13868094,23.5102486,,,,,,,,,,100,100,100,,,,,,,,
UHR.S,Swatch Group AG,Textiles & Apparel,Apparel & Accessories,Watches,0.0010641,0.0061185,0.0006638,0.0085308,0.0082991,0.0105281,0.0198687,0.0032775,0.0130046,,0.0137,0.06179,0.0585,0.0576,-0.0038,0.05339,0.0623,0.05514,0.045,,0.06349,0.0719,0.0686,0.0682,-0.0046,0.06459,0.0755,0.06607,0.0536,,9588794850,9067216152,12668670373,13370067980,13848315518,11498651784,12710136639,14117041029,18392953539,16344443292,0.00%,0.00%,0.00%,0.00%,0.00%,0.00%,0.00%,0.00%,0.00%,0.00%,,61.89727982,62.85928993,61.69838751,55.07339062,34.86615001,33.48725584,33.72568033,31.18688839,25.28973129,25.03810623,,,38.63636364,100,100,100,33.33333333,100,100,100,100,100,
1440.TW,Tainan Spinning Co Ltd,Textiles & Apparel,Textiles & Leather Goods,Yarn Goods,0.4232898,0.4931897,0.5192165,0.5103858,0.5678233,0.5115516,0.4423321,0.3930942,0.3035501,,,,,,,,,,,0.01414,,,,,,,,,,0.02271,596536594.3,685815892.3,773104449.8,850592366.1,1348590135,724808988.6,518866599,566406968.6,633250638,592704817.3,20.00%,20.00%,19.05%,20.00%,20.00%,20.00%,20.00%,20.00%,20.83%,20.00%,,49.89597787,51.84726603,47.2257498,39.64063561,37.45197308,41.4025585,29.5276168,2.782620563,10.69025949,4.120598163,,,100,100,100,100,100,100,100,100,100,100,
9938.TW,Taiwan Paiho Ltd,Textiles & Apparel,Textiles & Leather Goods,Textiles & Leather Goods (NEC),0.7068711,0.9324217,0.8333344,0.6466861,0.895999,0.9606077,0.8999938,0.649767,0.3692993,0.3892445,0.044,0.0183,0.05,0.0679,0.05228,0.0561,0.05658,0.08481,0.09138,,0.11439,0.04979,0.1349,0.2003,0.16244,0.16839,0.15924,0.15771,0.1973,,408885774,598694137.8,506865789.6,517189792.9,775533462,643062880.8,749175214.5,420239636.8,1013238092,833520741.9,38.46%,33.33%,0.00%,0.00%,0.00%,0.00%,0.00%,0.00%,0.00%,0.00%,,,57.93726601,32.97523165,,,,,,,,,,,100,100,,,,,,,,
TECE.KL,Techbase Industries Bhd,Textiles & Apparel,Apparel & Accessories,Apparel & Accessories (NEC),0.1276706,0.1501334,0.189776,0.2573592,0.2579771,0.3462059,0.3639587,0.2476199,0.0583008,0.1027169,,,,,,,,,,,,,,,,,,,0.10948,,5504270.123,9115103.682,16388960.87,26738921.73,23662696.67,42805501.13,32377685.17,20941434.87,31920739.28,51493185.47,33.33%,28.57%,44.44%,41.67%,0.00%,0.00%,0.00%,0.00%,0.00%,0.00%,17.56021861,10.55262715,11.19997946,12.03444622,,,,,,,,,100,100,100,100,,,,,,,,
0321.HK,Texwinca Holdings Ltd,Textiles & Apparel,Textiles & Leather Goods,Textiles & Leather Goods (NEC),0.2649401,0.2597252,0.1690161,0.3468876,0.2585891,0.377076,0.284258,0.2756868,0.4268457,0.1284884,,,,,,0.02002,,0.03171,0.049,0.11267,,,,,,0.0328,,0.05689,0.084,0.17134,151204646.8,132294862.8,153922142.1,206648447.3,241656447.3,217443317.1,305370057.2,393807683.8,633940232.9,859331904.9,57.14%,57.14%,50.00%,0.00%,0.00%,0.00%,0.00%,0.00%,0.00%,0.00%,,49.05790962,48.27073681,40.32190573,,,,,,,,,,100,100,100,,,,,,,,
WACOAL.BK,Thai Wacoal PCL,Textiles & Apparel,Apparel & Accessories,Apparel & Accessories (NEC),0.0137322,0.0110524,0.005164,0.0077569,0.0066072,,0.0000455,0.0001125,0.0035083,,,,,,,,,,,0.08762,,,,,,,,,,0.09875,56576028.01,86075040.98,99767285.46,113391505.3,124765554.9,145879619.2,168239278.6,151560700.7,143672875.6,152871428.6,29.41%,18.52%,0.00%,0.00%,0.00%,0.00%,0.00%,0.00%,0.00%,0.00%,,45.68619454,42.77474604,,,,,,,,,,,100,100,,,,,,,,,
TITN.NS,Titan Company Ltd,Textiles & Apparel,Apparel & Accessories,Jewelry,1.7874226,1.653146,0.7868784,0.7794921,0.7515329,0.533631,0.3924005,0.3324932,0.4393316,0.0322878,0.0924,0.11939,0.1348,0.1183,0.0649,0.1189,0.1322,0.1277,0.1101,0.1127,0.3176,0.32909,0.3073,0.2651,0.1374,0.2357,0.2516,0.246,0.2104,0.2097,34055530997,32579297457,35541706350,26049655332,26452901462,15597629576,13185804150,10360366468,9949692264,4061701027,46.15%,46.67%,42.86%,40.00%,57.14%,46.67%,50.00%,42.86%,53.85%,54.55%,50.04947306,47.69422426,48.6115036,52.40205307,54.80936599,51.21464863,52.09102683,50.33891294,59.46590058,55.13113655,,,100,100,25,100,100,100,100,100,100,100,,
TPCS.BK,Tpcs PCL,Textiles & Apparel,Textiles & Leather Goods,Textiles & Leather Goods (NEC),,,,,,0.014232,,,,,0.0233,0.04223,0.08446,0.137098,0.150928,0.167373,,,,,0.02506,0.04729,0.09876,0.187896,0.220467,0.283045,,,,,28824510.82,32809780.33,48458395.8,58607209.48,45201686.38,28458750.3,32216032.06,39180053.47,51445645.71,49874303.57,41.67%,30.77%,33.33%,41.67%,0.00%,0.00%,0.00%,0.00%,0.00%,0.00%,,47.14162597,37.13713537,39.11378776,38.30544579,,,,,,,,,100,100,100,100,,,,,,,
TRIE.NS,Trident Ltd,Textiles & Apparel,Textiles & Leather Goods,Textiles & Leather Goods (NEC),0.3538701,0.4923651,0.3438575,0.4153011,0.469384,0.6589561,0.8192848,1.0262598,1.0033865,1.2765445,,,,,0.0582,,0.0604,0.0422,,,0.08279,0.0821,,0.2325,0.1059,0.1133,0.1305,0.0927,0.1299,0.141,1292096423,1903417615,1989615267,1936934588,3149857923,554489639.1,426874814.9,424141518.6,594978444,410558082.5,57.14%,40.00%,37.50%,50.00%,0.00%,0.00%,0.00%,0.00%,0.00%,0.00%,68.60065667,61.34091789,47.71283404,48.79621581,,,,,,,,,100,100,100,100,,,,,,,,
UAA.N,Under Armour Inc,Textiles & Apparel,Apparel & Accessories,Apparel & Accessories (NEC),0.3148346,0.3138422,0.3375085,,0.3171531,0.5987829,0.2756572,0.3613687,0.4542886,0.4024757,0.0298,0.05089,0.0572,0.0834,,,,,,,0.06679,0.11789,0.1429,0.167,,,,,,,1764697048,3292459823,3459139775,4027864132,8048706541,5957667407,8206809687,6611929128,5107653571,11295382391,88.89%,80.00%,76.92%,0.00%,81.82%,83.33%,90.00%,90.00%,81.82%,80.00%,38.14662651,38.07267167,42.71650027,,37.72016772,36.13148,38.51675925,34.75149229,32.08878407,24.55689451,,,26.78571429,100,71.42857143,,5.555555556,66.66666667,40,7.142857143,100,100,,
UFI.N,Unifi Inc,Textiles & Apparel,Textiles & Leather Goods,Yarn Goods,0.4324591,0.4938398,0.4345045,0.315494,0.2410056,0.3105122,0.3234355,0.3349291,0.3559863,0.3719005,-0.10679,-0.094,-0.08599,,,,,,,,-0.1256,-0.1615,-0.143,,,,0.009,,,,54714867.54,110276821.1,109330555.3,145100396.3,377326376,268053014.1,416776329.2,366087019.7,546252305.8,560106874.8,77.78%,80.00%,80.00%,72.73%,80.00%,81.82%,80.00%,80.00%,0.00%,0.00%,,41.40375922,41.94616811,47.18065778,42.67600368,35.7368084,31.51634418,31.60434978,39.48404336,,,,,100,100,100,100,100,100,100,100,,,
UPF.BK,Union Pioneer PCL,Textiles & Apparel,Textiles & Leather Goods,Textiles & Leather Goods (NEC),0.0694803,0.077981,0.0825068,0.0870498,0.0660762,,,,,,,,,,,,,,,,,,,,,,,,,,4674025.302,6698241.547,6928283.713,12300953.48,13112303.54,14261973.95,8277730.461,13049940.65,15462120.97,13535491.07,33.33%,30.77%,36.36%,0.00%,0.00%,0.00%,0.00%,0.00%,0.00%,0.00%,,41.50848234,30.19351843,26.17273189,,,,,,,,,,100,100,100,,,,,,,,
VIPI.NS,V I P Industries Ltd,Textiles & Apparel,Apparel & Accessories,Handbags & Luggage,1.2190016,1.2850526,0.5489567,0.5327782,0.6833984,0.4415105,0.1481819,,,0.0394573,,,,,-0.0833,,0.1576,0.1834,0.1402,0.1224,-0.11839,0.17289,0.33219,0.12429,-0.173,0.269,0.2714,0.2825,0.2243,0.206,514876529.6,769868479.9,923968612.5,1068826238,900054662.2,577474185.2,762653400.7,914742120.4,648445389.3,231966763.6,60.00%,50.00%,50.00%,71.43%,0.00%,0.00%,0.00%,0.00%,0.00%,0.00%,39.12970039,26.43205568,26.04106404,33.46269846,,,,,,,,,100,100,71.42857143,100,,,,,,,,
VAIB.NS,Vaibhav Global Ltd,Textiles & Apparel,Apparel & Accessories,Jewelry,0.1687987,0.1734067,0.160703,0.1460222,0.1291581,0.1354151,0.0953034,0.1210177,0.1946142,0.2957863,,,,,,,,,,,,,0.0902,0.22699,,0.2628,0.2473,0.1835,0.1468,,369723488.4,519950467.1,714960241.8,578364423.8,1136860436,891718178,331615091.2,292362226.2,309649407.6,126308535,44.44%,44.44%,50.00%,50.00%,0.00%,0.00%,0.00%,0.00%,0.00%,0.00%,58.26825016,56.85142172,63.43274816,61.97799028,,,,,,,,,100,100,100,100,,,,,,,,
VELD.BR,Van de Velde NV,Textiles & Apparel,Apparel & Accessories,Lingerie,0.0661019,0.0580219,0.0529349,0.0747972,0.1145609,0.1568021,0.0038611,0.0029608,0.0049391,,,,,,,,,,,,0.2035,0.2014,0.2223,,,,,,0.277,0.31154,386262095.2,383381939,449633700,402338896,456961064,305084792,398342152,341055488,592117623.6,881415276.8,35.71%,38.46%,27.27%,30.00%,25.00%,25.00%,18.18%,0.00%,0.00%,0.00%,,60.43613663,46.77072854,51.94602201,56.31527117,50.98046374,46.03852581,36.74454192,,,,,,100,100,100,100,100,100,100,,,,
VART.NS,Vardhman Textiles Ltd,Textiles & Apparel,Textiles & Leather Goods,Yarn Goods,0.1242529,0.1949654,0.1939017,0.2529172,0.3230088,0.3600335,0.3992708,0.4585658,0.5104095,0.6410698,,,,,,,,0.0737,,,0.093,0.0715,0.09779,0.2182,0.06549,0.0992,0.1386,0.126,0.2417,0.1602,1199245287,1651972477,1216286448,1078223678,1579892535,699711389.5,713482071.9,802151604.4,1033472590,990819381.6,54.55%,58.33%,60.00%,58.33%,58.33%,0.00%,0.00%,0.00%,0.00%,0.00%,,40.83420521,47.08225362,51.72563469,41.47969775,35.67844697,,,,,,,,100,100,100,100,100,,,,,,
VRA.OQ,Vera Bradley Inc,Textiles & Apparel,Apparel & Accessories,Handbags & Luggage,,,,,,,,,,,,,,,,,,,,,,,,,,,,,,,57600221.4,105249285.5,215086196.2,130692260.5,252500864.8,217783883.9,354130548.5,259043542.1,360269319.8,403683403.9,70.00%,72.73%,63.64%,63.64%,69.23%,61.54%,58.33%,58.33%,0.00%,0.00%,45.6662413,46.94837077,48.74597377,46.9948274,34.74195681,37.42647822,26.1738373,24.40858798,,,,,100,100,100,100,100,100,100,100,,,,
VFC.N,VF Corp,Textiles & Apparel,Apparel & Accessories,Apparel & Accessories (NEC),2.6746367,3.5980879,2.2835676,1.5354756,1.8720308,1.1431984,0.646783,,0.7858647,0.4693251,0.027,0.0224,0.05969,0.0925,0.04129,0.0998,0.1467,0.1239,,,0.18019,0.1258,0.2532,0.38039,0.16019,0.28,0.3795,0.339,,,6014760035,8069880395,6624723675,10024532497,25298597694,27274440681,35505393945,24682458034,24375616187,20994406476,84.62%,90.91%,91.67%,91.67%,91.67%,92.31%,85.71%,85.71%,84.62%,85.71%,,58.66710771,70.86451822,72.78048014,65.66775352,72.27971944,75.30543466,50.12994075,59.08395555,57.9851088,56.87669597,,,11.36363636,100,100,100,100,100,100,100,100,100,
3591.T,Wacoal Holdings Corp,Textiles & Apparel,Apparel & Accessories,Apparel & Accessories (NEC),0.1376968,0.0959459,0.0956287,0.1145662,0.1930554,0.0164671,0.0373241,0.0307035,0.0342005,0.0529509,,,-0.00608,0.0147,0.02339,0.0496,,0.03264,0.04246,0.0381,0.035,,-0.008,0.023,0.036,0.016,0.002,0.042,0.055,0.049,1265485617,1837947969,1312687264,1090363768,1074840910,1073438920,1652686361,1593808052,1888240882,1590550377,60.00%,37.50%,37.50%,37.50%,37.50%,44.44%,50.00%,37.50%,33.33%,22.22%,,52.90455656,52.61511515,52.25981267,53.42421588,52.46929912,42.95493671,47.14610479,47.96210875,43.71193506,44.47828844,,,100,100,100,100,100,100,100,100,100,12.5,
WLSP.NS,Welspun Living Ltd,Textiles & Apparel,Textiles & Leather Goods,Textiles & Leather Goods (NEC),0.5613068,0.5705986,0.5867022,0.8105347,0.7854902,1.1517795,1.1614349,1.236897,1.3612053,1.6149972,0.0644,,,,,,,,0.1185,,0.13689,0.1583,0.04929,0.15789,0.16309,0.1613,0.1762,0.1539,0.3766,0.3449,1182413676,1680552527,1513665888,860547970,1698230478,764815555.8,602960135,753122328.6,936855661,940299531.5,60.00%,55.56%,57.14%,0.00%,0.00%,0.00%,0.00%,0.00%,0.00%,0.00%,,69.22267533,64.03461017,59.30566592,,,,,,,,,,100,100,100,,,,,,,,
WEYS.OQ,WEYCO Group Inc,Textiles & Apparel,Footwear,Footwear (NEC),,,,0.139059,,,0.0335676,0.028407,,0.0204916,,0.0508,,,,,,,,,,0.072,,,,,,,,,248690092.4,346711280.2,269886675.8,190248957.6,205334030.9,127370049.9,233303291.1,257789936.4,252528092,311117386.8,57.14%,57.14%,57.14%,57.14%,57.14%,57.14%,57.14%,57.14%,0.00%,0.00%,,18.40504433,20.73483562,22.67166829,15.8319986,19.26309867,20.8390369,18.92538121,22.91487741,,,,,100,100,100,100,100,100,100,100,,,
WWW.N,Wolverine World Wide Inc,Textiles & Apparel,Footwear,Footwear (NEC),2.0117976,3.0693333,3.4159292,1.5003104,1.2609075,1.0256937,0.5753328,0.8193049,0.8425213,,0.03899,0.0017,0.0947,0.0737,0.0326,0.08429,0.0898,0.0651,0.0553,,0.2362,0.0124,0.4889,0.286,0.1115,0.22289,0.2119,0.1642,0.1395,,1266687167,1716873965,640673397.6,804324950.9,2087486639,2100011696,2434206346,2637071597,2542761658,2059914977,90.00%,76.92%,80.00%,83.33%,81.82%,90.91%,90.91%,90.91%,90.91%,90.91%,,45.72072675,36.91836659,42.30472178,33.91497502,31.4610328,36.91896996,33.28944937,33.60910708,33.1806975,30.94674789,,,100,100,76.47058824,100,100,100,100,100,100,100,
603225.SS,Xinfengming Group Co Ltd,Textiles & Apparel,Textiles & Leather Goods,Synthetic Fabrics,1.6401523,1.3545374,1.2993139,1.0062468,1.0529485,0.7210939,0.6986467,0.4785917,1.1674868,1.8689281,0.0224,0.02509,-0.0052,0.06839,0.02351,,0.10085,0.15216,,,0.06179,0.0656,-0.0128,0.1608,0.0509,0.1505,0.1924,0.2904,,,3612146247,2245684996,2772656475,2254393925,3145524928,2435172833,2214794407,2009770937,2761266661,,37.50%,50.00%,44.44%,37.50%,0.00%,0.00%,0.00%,0.00%,0.00%,0.00%,,26.09988476,31.75535444,36.17556895,35.03188599,,,,,,,,,100,100,100,100,,,,,,,
1368.HK,Xtep International Holdings Ltd,Textiles & Apparel,Footwear,Sports & Outdoor Footwear,0.3471221,0.4251922,0.4162662,0.3421587,0.3229231,0.3625426,0.3631214,0.3471871,0.2982178,0.3276807,0.0744,0.06089,0.05929,0.06679,0.0412,0.06759,0.07241,0.04771,0.06481,0.07793,0.1407,0.12029,0.1138,0.1197,0.07269,0.1189,0.12449,0.08023,0.10767,0.13036,1630196465,1882108744,1351759721,2741529248,3858387907,1041073246,1191114372,1061508463,723018897.7,887605617.1,42.86%,42.86%,57.14%,57.14%,0.00%,0.00%,0.00%,0.00%,0.00%,0.00%,,60.44101681,58.12322593,57.17982268,46.94284994,,,,,,,,,100,100,100,100,,,,,,,
111770.KS,Youngone Corp,Textiles & Apparel,Apparel & Accessories,Sportswear & Outdoors Clothing,0.1137181,0.1910563,0.163771,0.1473122,0.191823,0.2349571,0.2299898,0.3228581,0.3646311,,0.0795,0.10518,0.16735,0.09052,0.04807,0.0579,0.04602,0.0466,0.04771,,0.1232,0.17025,0.26801,0.14706,0.08028,0.09816,0.08151,0.08785,0.09083,,2145512856,1228739922,1417210275,1547715565,1436238117,1050437812,1171533483,1331443996,1093216857,1074098401,58.33%,50.00%,50.00%,50.00%,45.45%,50.00%,0.00%,0.00%,0.00%,0.00%,,52.37162165,52.99738597,32.12915608,27.77672992,13.88634778,18.89362917,,,,,,,100,100,100,100,100,100,,,,,
600177.SS,Youngor Fashion Co Ltd,Textiles & Apparel,Apparel & Accessories,Apparel & Accessories (NEC),0.5214495,0.6569895,0.6963572,0.7794896,1.0090723,1.216181,1.1603346,1.3058014,1.392551,1.505075,,0.04339,0.06415,,,,,0.00536,,0.07676,,0.089,0.1407,,,,,0.0164,0.1668,0.2413,4276337138,5445106318,3870586225,3969554764,4416764050,4176511370,4478080626,3274976775,4207815979,4899619829,33.33%,36.36%,30.00%,33.33%,46.15%,30.00%,33.33%,33.33%,0.00%,0.00%,,51.09636212,46.68272001,33.5227888,32.07251363,26.17563924,23.47536095,20.71208305,20.30180596,,,,,100,100,100,100,100,100,100,100,,,
0551.HK,Yue Yuen Industrial (Holdings) Ltd,Textiles & Apparel,Footwear,Footwear (NEC),0.1981961,0.264173,0.3814705,0.4721592,0.5397456,0.5498701,0.4672033,0.423992,0.1884709,,0.0533,0.03589,0.0358,0.0536,-0.0105,0.03509,0.03702,0.06536,0.07187,,0.09039,0.06519,0.0715,0.02879,-0.0227,0.07309,0.07307,0.11513,0.11571,,2803538259,3471714318,1616388226,2114144938,2372172952,2748307965,4246186325,4508722847,5400017617,5694041970,40.00%,45.45%,33.33%,41.67%,35.71%,38.46%,40.00%,35.71%,35.71%,31.25%,,65.75707649,60.44993229,53.79077014,54.90232734,53.50207895,49.69817304,41.35206477,35.58565097,34.41580258,33.21802219,,,100,100,100,100,100,100,100,100,100,100,
YUNSA.IS,Yunsa Yunlu Sanayi ve Ticaret AS,Textiles & Apparel,Textiles & Leather Goods,Textiles & Leather Goods (NEC),0.0980567,0.117508,0.2209756,1.4864127,1.5471881,1.3502058,1.4188075,1.4213373,3.4537121,,0.05596,0.0535,0.0311,,0.426,0.153,0.0248,,,,0.09946,0.0919,0.0527,,0.07,0.127,0.0757,,,,72031908.13,90141554.83,134275182.3,127645850.9,24521877.55,47097041.08,44127476.63,20964467.76,28869438.95,19662143.08,33.33%,33.33%,33.33%,0.00%,0.00%,0.00%,0.00%,0.00%,0.00%,0.00%,,80.70158516,81.45807437,63.44878162,,,,,,,,,,100,100,100,,,,,,,,
YXPR.KL,YX Precious Metals Bhd,Textiles & Apparel,Apparel & Accessories,Jewelry,0.0973193,0.0115789,0.0551967,0.3023311,0.389147,0.4217151,0.5292989,,,,,,,,,,,,,,,,,,,,,,,,16841737.95,18906227.84,20938265.72,17782003.64,,,,,,,50.00%,57.14%,66.67%,0.00%,0.00%,0.00%,0.00%,0.00%,0.00%,0.00%,,19.38306961,20.97477849,27.44258578,,,,,,,,,,100,100,100,,,,,,,,
002563.SZ,Zhejiang Semir Garment Co Ltd,Textiles & Apparel,Apparel & Accessories,Apparel & Accessories (NEC),0.2776393,0.2316423,0.3674827,0.3086195,0.1728744,0.0616922,0.0684474,0.0415393,0.0362967,0.046727,0.06139,0.0619,0.0335,0.08029,0.0474,0.09337,0.11212,0.08559,0.11596,0.12251,0.0974,0.1,0.0565,0.1294,0.0698,0.13526,0.1603,0.1132,0.1492,0.1543,1777069250,2502650423,1984516391,1912508715,2883959367,3391887427,3412855560,3062844039,2712822681,3791227269,30.00%,27.27%,50.00%,33.33%,40.00%,11.11%,26.67%,0.00%,0.00%,0.00%,,46.75474237,40.74732836,41.46287492,35.72944083,23.25381306,19.16476314,20.07533069,,,,,,100,100,100,100,100,100,100,,,,
ZHCO.KL,Zhulian Corporation Bhd,Textiles & Apparel,Apparel & Accessories,Jewelry,0.0007143,0.0006342,0.0005569,0.0004282,0.0006024,,,,,,,,,,,,,,,,,,,,,,,,,,103321954.1,109387958.8,147112870.6,182675200,184635648.4,149909651.7,147520413.8,123335511.9,167835129.1,121962314.6,42.86%,62.50%,50.00%,50.00%,0.00%,0.00%,0.00%,0.00%,0.00%,0.00%,,32.7156614,41.99149683,31.67676794,26.53426801,,,,,,,,,100,100,100,100,,,,,,,
